编号,职业,位置,强化等级,成功概率,需要金币,单次消耗的物品,单次消耗的物品数,升级需要消耗的物品数,购买次数货币类型,购买次数所需货币,转移货币类型,转移货币数量,补足物品对应商城id,必成所需元宝,最小物攻,最大物攻,最小法攻,最大法攻,最小道攻,最大道攻,最小物防,最大物防,最小法防,最大法防
,,,,,,,,,,,,,,,,,,,,,,,,
int,int,int,int,int,int,int,int,int,int,int,int,int,int,int,int,int,int,int,int,int,int,int,int,int
1,1,1,1,10000,200000,24020001,1,0,101,0,101,2000,2006,0,1,2,0,0,0,0,0,0,0,0
2,1,1,2,9400,400000,24020001,2,0,101,10000,101,5000,2006,9,1,3,0,0,0,0,0,0,0,0
3,1,1,3,8900,1000000,24020001,3,0,101,20000,101,10000,2006,28,2,7,0,0,0,0,0,0,0,0
4,1,1,4,8400,1600000,24020001,4,0,101,70000,101,30000,2006,84,4,12,0,0,0,0,0,0,0,0
5,1,1,5,7900,3400000,24020001,5,0,101,210000,101,100000,2006,252,6,19,0,0,0,0,0,0,0,0
6,1,1,6,7400,4200000,24020002,1,0,101,630000,101,200000,2007,758,9,28,0,0,0,0,0,0,0,0
7,1,1,7,6900,5200000,24020002,3,0,101,1260000,101,400000,2007,1517,12,38,0,0,0,0,0,0,0,0
8,1,1,8,6400,6200000,24020002,6,0,101,2520000,101,600000,2007,3034,16,51,0,0,0,0,0,0,0,0
9,1,1,9,5900,7400000,24020002,10,0,102,151,102,60,2007,6069,20,63,0,0,0,0,0,0,0,0
10,1,1,10,5400,8600000,24020002,15,0,102,227,102,90,2007,9104,25,79,0,0,0,0,0,0,0,0
11,1,1,11,0,10200000,24020003,5,60,0,0,102,136,2008,0,31,96,0,0,0,0,0,0,0,0
12,1,1,12,0,12000000,24020003,5,75,0,0,102,204,2008,0,37,115,0,0,0,0,0,0,0,0
13,1,1,13,0,14000000,24020003,5,95,0,0,102,274,2008,0,44,136,0,0,0,0,0,0,0,0
14,1,1,14,0,16200000,24020003,5,120,0,0,102,356,2008,0,51,159,0,0,0,0,0,0,0,0
15,1,1,15,0,18400000,24020003,5,150,0,0,102,450,2008,0,59,183,0,0,0,0,0,0,0,0
16,1,1,16,0,20600000,24020004,5,70,0,0,102,556,2009,0,67,210,0,0,0,0,0,0,0,0
17,1,1,17,0,23000000,24020004,5,80,0,0,102,674,2009,0,76,238,0,0,0,0,0,0,0,0
18,1,1,18,0,25600000,24020004,5,90,0,0,102,804,2009,0,86,267,0,0,0,0,0,0,0,0
19,1,1,19,0,28400000,24020004,5,105,0,0,102,946,2009,0,96,299,0,0,0,0,0,0,0,0
20,1,1,20,0,30000000,24020004,5,135,0,0,102,1100,2009,0,106,332,0,0,0,0,0,0,0,0
21,1,2,1,10000,200000,24020001,1,0,101,0,102,2000,2006,0,0,1,0,0,0,0,0,2,0,2
22,1,2,2,9400,400000,24020001,2,0,101,10000,101,5000,2006,9,1,2,0,0,0,0,1,3,1,3
23,1,2,3,8900,1000000,24020001,3,0,101,20000,101,10000,2006,28,1,4,0,0,0,0,2,6,2,6
24,1,2,4,8400,1600000,24020001,4,0,101,70000,101,30000,2006,84,2,7,0,0,0,0,3,11,3,11
25,1,2,5,7900,3400000,24020001,5,0,101,210000,101,100000,2006,252,3,10,0,0,0,0,5,17,5,17
26,1,2,6,7400,4200000,24020002,1,0,101,630000,101,200000,2007,758,5,15,0,0,0,0,8,24,8,24
27,1,2,7,6900,5200000,24020002,3,0,101,1260000,101,400000,2007,1517,7,20,0,0,0,0,11,34,11,34
28,1,2,8,6400,6200000,24020002,6,0,101,2520000,101,600000,2007,3034,9,27,0,0,0,0,14,44,14,44
29,1,2,9,5900,7400000,24020002,10,0,102,151,101,60,2007,6069,11,34,0,0,0,0,18,55,18,55
30,1,2,10,5400,8600000,24020002,15,0,102,227,102,90,2007,9104,13,42,0,0,0,0,22,69,22,69
31,1,2,11,0,10200000,24020003,5,60,0,0,102,136,2008,0,16,51,0,0,0,0,27,84,27,84
32,1,2,12,0,12000000,24020003,5,75,0,0,102,204,2008,0,20,61,0,0,0,0,32,101,32,101
33,1,2,13,0,14000000,24020003,5,95,0,0,102,274,2008,0,23,73,0,0,0,0,38,119,38,119
34,1,2,14,0,16200000,24020003,5,120,0,0,102,356,2008,0,27,85,0,0,0,0,44,139,44,139
35,1,2,15,0,18400000,24020003,5,150,0,0,102,450,2008,0,31,98,0,0,0,0,51,160,51,160
36,1,2,16,0,20600000,24020004,5,70,0,0,102,556,2009,0,36,112,0,0,0,0,59,183,59,183
37,1,2,17,0,23000000,24020004,5,80,0,0,102,674,2009,0,41,127,0,0,0,0,66,207,66,207
38,1,2,18,0,25600000,24020004,5,90,0,0,102,804,2009,0,46,143,0,0,0,0,75,233,75,233
39,1,2,19,0,28400000,24020004,5,105,0,0,102,946,2009,0,51,159,0,0,0,0,83,261,83,261
40,1,2,20,0,30000000,24020004,5,135,0,0,102,1100,2009,0,57,177,0,0,0,0,93,290,93,290
41,1,3,1,10000,200000,24020001,1,0,101,0,102,2000,2006,0,0,1,0,0,0,0,0,2,0,2
42,1,3,2,9400,400000,24020001,2,0,101,10000,102,5000,2006,9,1,2,0,0,0,0,1,3,1,3
43,1,3,3,8900,1000000,24020001,3,0,101,20000,101,10000,2006,28,1,4,0,0,0,0,2,6,2,6
44,1,3,4,8400,1600000,24020001,4,0,101,70000,101,30000,2006,84,2,7,0,0,0,0,3,11,3,11
45,1,3,5,7900,3400000,24020001,5,0,101,210000,101,100000,2006,252,3,10,0,0,0,0,5,17,5,17
46,1,3,6,7400,4200000,24020002,1,0,101,630000,101,200000,2007,758,5,15,0,0,0,0,8,24,8,24
47,1,3,7,6900,5200000,24020002,3,0,101,1260000,101,400000,2007,1517,7,20,0,0,0,0,11,34,11,34
48,1,3,8,6400,6200000,24020002,6,0,101,2520000,101,600000,2007,3034,9,27,0,0,0,0,14,44,14,44
49,1,3,9,5900,7400000,24020002,10,0,102,151,101,60,2007,6069,11,34,0,0,0,0,18,55,18,55
50,1,3,10,5400,8600000,24020002,15,0,102,227,101,90,2007,9104,13,42,0,0,0,0,22,69,22,69
51,1,3,11,0,10200000,24020003,5,60,0,0,102,136,2008,0,16,51,0,0,0,0,27,84,27,84
52,1,3,12,0,12000000,24020003,5,75,0,0,102,204,2008,0,20,61,0,0,0,0,32,101,32,101
53,1,3,13,0,14000000,24020003,5,95,0,0,102,274,2008,0,23,73,0,0,0,0,38,119,38,119
54,1,3,14,0,16200000,24020003,5,120,0,0,102,356,2008,0,27,85,0,0,0,0,44,139,44,139
55,1,3,15,0,18400000,24020003,5,150,0,0,102,450,2008,0,31,98,0,0,0,0,51,160,51,160
56,1,3,16,0,20600000,24020004,5,70,0,0,102,556,2009,0,36,112,0,0,0,0,59,183,59,183
57,1,3,17,0,23000000,24020004,5,80,0,0,102,674,2009,0,41,127,0,0,0,0,66,207,66,207
58,1,3,18,0,25600000,24020004,5,90,0,0,102,804,2009,0,46,143,0,0,0,0,75,233,75,233
59,1,3,19,0,28400000,24020004,5,105,0,0,102,946,2009,0,51,159,0,0,0,0,83,261,83,261
60,1,3,20,0,30000000,24020004,5,135,0,0,102,1100,2009,0,57,177,0,0,0,0,93,290,93,290
61,1,4,1,10000,200000,24020001,1,0,101,0,102,2000,2006,0,1,2,0,0,0,0,0,0,0,0
62,1,4,2,9400,400000,24020001,2,0,101,10000,102,5000,2006,9,1,3,0,0,0,0,0,0,0,0
63,1,4,3,8900,1000000,24020001,3,0,101,20000,102,10000,2006,28,2,7,0,0,0,0,0,0,0,0
64,1,4,4,8400,1600000,24020001,4,0,101,70000,101,30000,2006,84,4,12,0,0,0,0,0,0,0,0
65,1,4,5,7900,3400000,24020001,5,0,101,210000,101,100000,2006,252,6,19,0,0,0,0,0,0,0,0
66,1,4,6,7400,4200000,24020002,1,0,101,630000,101,200000,2007,758,9,28,0,0,0,0,0,0,0,0
67,1,4,7,6900,5200000,24020002,3,0,101,1260000,101,400000,2007,1517,12,38,0,0,0,0,0,0,0,0
68,1,4,8,6400,6200000,24020002,6,0,101,2520000,101,600000,2007,3034,16,51,0,0,0,0,0,0,0,0
69,1,4,9,5900,7400000,24020002,10,0,102,151,101,60,2007,6069,20,63,0,0,0,0,0,0,0,0
70,1,4,10,5400,8600000,24020002,15,0,102,227,101,90,2007,9104,25,79,0,0,0,0,0,0,0,0
71,1,4,11,0,10200000,24020003,5,60,0,0,101,136,2008,0,31,96,0,0,0,0,0,0,0,0
72,1,4,12,0,12000000,24020003,5,75,0,0,102,204,2008,0,37,115,0,0,0,0,0,0,0,0
73,1,4,13,0,14000000,24020003,5,95,0,0,102,274,2008,0,44,136,0,0,0,0,0,0,0,0
74,1,4,14,0,16200000,24020003,5,120,0,0,102,356,2008,0,51,159,0,0,0,0,0,0,0,0
75,1,4,15,0,18400000,24020003,5,150,0,0,102,450,2008,0,59,183,0,0,0,0,0,0,0,0
76,1,4,16,0,20600000,24020004,5,70,0,0,102,556,2009,0,67,210,0,0,0,0,0,0,0,0
77,1,4,17,0,23000000,24020004,5,80,0,0,102,674,2009,0,76,238,0,0,0,0,0,0,0,0
78,1,4,18,0,25600000,24020004,5,90,0,0,102,804,2009,0,86,267,0,0,0,0,0,0,0,0
79,1,4,19,0,28400000,24020004,5,105,0,0,102,946,2009,0,96,299,0,0,0,0,0,0,0,0
80,1,4,20,0,30000000,24020004,5,135,0,0,102,1100,2009,0,106,332,0,0,0,0,0,0,0,0
81,1,5,1,10000,200000,24020001,1,0,101,0,102,2000,2006,0,0,1,0,0,0,0,0,2,0,2
82,1,5,2,9400,400000,24020001,2,0,101,10000,102,5000,2006,9,1,2,0,0,0,0,1,3,1,3
83,1,5,3,8900,1000000,24020001,3,0,101,20000,102,10000,2006,28,1,4,0,0,0,0,2,6,2,6
84,1,5,4,8400,1600000,24020001,4,0,101,70000,102,30000,2006,84,2,7,0,0,0,0,3,11,3,11
85,1,5,5,7900,3400000,24020001,5,0,101,210000,101,100000,2006,252,3,10,0,0,0,0,5,17,5,17
86,1,5,6,7400,4200000,24020002,1,0,101,630000,101,200000,2007,758,5,15,0,0,0,0,8,24,8,24
87,1,5,7,6900,5200000,24020002,3,0,101,1260000,101,400000,2007,1517,7,20,0,0,0,0,11,34,11,34
88,1,5,8,6400,6200000,24020002,6,0,101,2520000,101,600000,2007,3034,9,27,0,0,0,0,14,44,14,44
89,1,5,9,5900,7400000,24020002,10,0,102,151,101,60,2007,6069,11,34,0,0,0,0,18,55,18,55
90,1,5,10,5400,8600000,24020002,15,0,102,227,101,90,2007,9104,13,42,0,0,0,0,22,69,22,69
91,1,5,11,0,10200000,24020003,5,60,0,0,101,136,2008,0,16,51,0,0,0,0,27,84,27,84
92,1,5,12,0,12000000,24020003,5,75,0,0,101,204,2008,0,20,61,0,0,0,0,32,101,32,101
93,1,5,13,0,14000000,24020003,5,95,0,0,102,274,2008,0,23,73,0,0,0,0,38,119,38,119
94,1,5,14,0,16200000,24020003,5,120,0,0,102,356,2008,0,27,85,0,0,0,0,44,139,44,139
95,1,5,15,0,18400000,24020003,5,150,0,0,102,450,2008,0,31,98,0,0,0,0,51,160,51,160
96,1,5,16,0,20600000,24020004,5,70,0,0,102,556,2009,0,36,112,0,0,0,0,59,183,59,183
97,1,5,17,0,23000000,24020004,5,80,0,0,102,674,2009,0,41,127,0,0,0,0,66,207,66,207
98,1,5,18,0,25600000,24020004,5,90,0,0,102,804,2009,0,46,143,0,0,0,0,75,233,75,233
99,1,5,19,0,28400000,24020004,5,105,0,0,102,946,2009,0,51,159,0,0,0,0,83,261,83,261
100,1,5,20,0,30000000,24020004,5,135,0,0,102,1100,2009,0,57,177,0,0,0,0,93,290,93,290
101,1,6,1,10000,200000,24020001,1,0,101,0,102,2000,2006,0,1,2,0,0,0,0,0,0,0,0
102,1,6,2,9400,400000,24020001,2,0,101,10000,102,5000,2006,9,1,3,0,0,0,0,0,0,0,0
103,1,6,3,8900,1000000,24020001,3,0,101,20000,102,10000,2006,28,2,7,0,0,0,0,0,0,0,0
104,1,6,4,8400,1600000,24020001,4,0,101,70000,102,30000,2006,84,4,12,0,0,0,0,0,0,0,0
105,1,6,5,7900,3400000,24020001,5,0,101,210000,102,100000,2006,252,6,19,0,0,0,0,0,0,0,0
106,1,6,6,7400,4200000,24020002,1,0,101,630000,101,200000,2007,758,9,28,0,0,0,0,0,0,0,0
107,1,6,7,6900,5200000,24020002,3,0,101,1260000,101,400000,2007,1517,12,38,0,0,0,0,0,0,0,0
108,1,6,8,6400,6200000,24020002,6,0,101,2520000,101,600000,2007,3034,16,51,0,0,0,0,0,0,0,0
109,1,6,9,5900,7400000,24020002,10,0,102,151,101,60,2007,6069,20,63,0,0,0,0,0,0,0,0
110,1,6,10,5400,8600000,24020002,15,0,102,227,101,90,2007,9104,25,79,0,0,0,0,0,0,0,0
111,1,6,11,0,10200000,24020003,5,60,0,0,101,136,2008,0,31,96,0,0,0,0,0,0,0,0
112,1,6,12,0,12000000,24020003,5,75,0,0,101,204,2008,0,37,115,0,0,0,0,0,0,0,0
113,1,6,13,0,14000000,24020003,5,95,0,0,101,274,2008,0,44,136,0,0,0,0,0,0,0,0
114,1,6,14,0,16200000,24020003,5,120,0,0,102,356,2008,0,51,159,0,0,0,0,0,0,0,0
115,1,6,15,0,18400000,24020003,5,150,0,0,102,450,2008,0,59,183,0,0,0,0,0,0,0,0
116,1,6,16,0,20600000,24020004,5,70,0,0,102,556,2009,0,67,210,0,0,0,0,0,0,0,0
117,1,6,17,0,23000000,24020004,5,80,0,0,102,674,2009,0,76,238,0,0,0,0,0,0,0,0
118,1,6,18,0,25600000,24020004,5,90,0,0,102,804,2009,0,86,267,0,0,0,0,0,0,0,0
119,1,6,19,0,28400000,24020004,5,105,0,0,102,946,2009,0,96,299,0,0,0,0,0,0,0,0
120,1,6,20,0,30000000,24020004,5,135,0,0,102,1100,2009,0,106,332,0,0,0,0,0,0,0,0
121,1,7,1,10000,200000,24020001,1,0,101,0,102,2000,2006,0,0,1,0,0,0,0,0,2,0,2
122,1,7,2,9400,400000,24020001,2,0,101,10000,102,5000,2006,9,1,2,0,0,0,0,1,3,1,3
123,1,7,3,8900,1000000,24020001,3,0,101,20000,102,10000,2006,28,1,4,0,0,0,0,2,6,2,6
124,1,7,4,8400,1600000,24020001,4,0,101,70000,102,30000,2006,84,2,7,0,0,0,0,3,11,3,11
125,1,7,5,7900,3400000,24020001,5,0,101,210000,102,100000,2006,252,3,10,0,0,0,0,5,17,5,17
126,1,7,6,7400,4200000,24020002,1,0,101,630000,102,200000,2007,758,5,15,0,0,0,0,8,24,8,24
127,1,7,7,6900,5200000,24020002,3,0,101,1260000,101,400000,2007,1517,7,20,0,0,0,0,11,34,11,34
128,1,7,8,6400,6200000,24020002,6,0,101,2520000,101,600000,2007,3034,9,27,0,0,0,0,14,44,14,44
129,1,7,9,5900,7400000,24020002,10,0,102,151,101,60,2007,6069,11,34,0,0,0,0,18,55,18,55
130,1,7,10,5400,8600000,24020002,15,0,102,227,101,90,2007,9104,13,42,0,0,0,0,22,69,22,69
131,1,7,11,0,10200000,24020003,5,60,0,0,101,136,2008,0,16,51,0,0,0,0,27,84,27,84
132,1,7,12,0,12000000,24020003,5,75,0,0,101,204,2008,0,20,61,0,0,0,0,32,101,32,101
133,1,7,13,0,14000000,24020003,5,95,0,0,101,274,2008,0,23,73,0,0,0,0,38,119,38,119
134,1,7,14,0,16200000,24020003,5,120,0,0,101,356,2008,0,27,85,0,0,0,0,44,139,44,139
135,1,7,15,0,18400000,24020003,5,150,0,0,102,450,2008,0,31,98,0,0,0,0,51,160,51,160
136,1,7,16,0,20600000,24020004,5,70,0,0,102,556,2009,0,36,112,0,0,0,0,59,183,59,183
137,1,7,17,0,23000000,24020004,5,80,0,0,102,674,2009,0,41,127,0,0,0,0,66,207,66,207
138,1,7,18,0,25600000,24020004,5,90,0,0,102,804,2009,0,46,143,0,0,0,0,75,233,75,233
139,1,7,19,0,28400000,24020004,5,105,0,0,102,946,2009,0,51,159,0,0,0,0,83,261,83,261
140,1,7,20,0,30000000,24020004,5,135,0,0,102,1100,2009,0,57,177,0,0,0,0,93,290,93,290
141,1,8,1,10000,200000,24020001,1,0,101,0,102,2000,2006,0,0,1,0,0,0,0,0,2,0,2
142,1,8,2,9400,400000,24020001,2,0,101,10000,102,5000,2006,9,1,2,0,0,0,0,1,3,1,3
143,1,8,3,8900,1000000,24020001,3,0,101,20000,102,10000,2006,28,1,4,0,0,0,0,2,6,2,6
144,1,8,4,8400,1600000,24020001,4,0,101,70000,102,30000,2006,84,2,7,0,0,0,0,3,11,3,11
145,1,8,5,7900,3400000,24020001,5,0,101,210000,102,100000,2006,252,3,10,0,0,0,0,5,17,5,17
146,1,8,6,7400,4200000,24020002,1,0,101,630000,102,200000,2007,758,5,15,0,0,0,0,8,24,8,24
147,1,8,7,6900,5200000,24020002,3,0,101,1260000,102,400000,2007,1517,7,20,0,0,0,0,11,34,11,34
148,1,8,8,6400,6200000,24020002,6,0,101,2520000,101,600000,2007,3034,9,27,0,0,0,0,14,44,14,44
149,1,8,9,5900,7400000,24020002,10,0,102,151,101,60,2007,6069,11,34,0,0,0,0,18,55,18,55
150,1,8,10,5400,8600000,24020002,15,0,102,227,101,90,2007,9104,13,42,0,0,0,0,22,69,22,69
151,1,8,11,0,10200000,24020003,5,60,0,0,101,136,2008,0,16,51,0,0,0,0,27,84,27,84
152,1,8,12,0,12000000,24020003,5,75,0,0,101,204,2008,0,20,61,0,0,0,0,32,101,32,101
153,1,8,13,0,14000000,24020003,5,95,0,0,101,274,2008,0,23,73,0,0,0,0,38,119,38,119
154,1,8,14,0,16200000,24020003,5,120,0,0,101,356,2008,0,27,85,0,0,0,0,44,139,44,139
155,1,8,15,0,18400000,24020003,5,150,0,0,101,450,2008,0,31,98,0,0,0,0,51,160,51,160
156,1,8,16,0,20600000,24020004,5,70,0,0,102,556,2009,0,36,112,0,0,0,0,59,183,59,183
157,1,8,17,0,23000000,24020004,5,80,0,0,102,674,2009,0,41,127,0,0,0,0,66,207,66,207
158,1,8,18,0,25600000,24020004,5,90,0,0,102,804,2009,0,46,143,0,0,0,0,75,233,75,233
159,1,8,19,0,28400000,24020004,5,105,0,0,102,946,2009,0,51,159,0,0,0,0,83,261,83,261
160,1,8,20,0,30000000,24020004,5,135,0,0,102,1100,2009,0,57,177,0,0,0,0,93,290,93,290
161,1,13,1,10000,200000,24020001,5,0,101,0,102,2000,2006,0,0,1,0,1,0,1,0,2,0,2
162,1,13,2,9400,400000,24020001,5,0,101,10000,102,5000,2006,9,1,2,1,2,1,2,1,3,1,3
163,1,13,3,8900,1000000,24020001,5,0,101,20000,102,10000,2006,28,1,4,1,4,1,4,2,6,2,6
164,1,13,4,8400,1600000,24020001,5,0,101,70000,102,30000,2006,84,2,7,2,7,2,7,3,11,3,11
165,1,13,5,7900,3400000,24020001,5,0,101,210000,102,100000,2006,252,3,10,3,10,3,10,5,17,5,17
166,1,13,6,7400,4200000,24020002,5,0,101,630000,102,200000,2007,758,5,15,5,15,5,15,8,24,8,24
167,1,13,7,6900,5200000,24020002,5,0,101,1260000,102,400000,2007,1517,7,20,7,20,7,20,11,34,11,34
168,1,13,8,6400,6200000,24020002,5,0,101,2520000,101,600000,2007,3034,9,27,9,27,9,27,14,44,14,44
169,1,13,9,5900,7400000,24020002,5,0,102,151,101,60,2007,6069,11,34,11,34,11,34,18,55,18,55
170,1,13,10,5400,8600000,24020002,5,0,102,227,101,90,2007,9104,13,42,13,42,13,42,22,69,22,69
171,1,13,11,0,10200000,24020003,1,60,0,0,101,136,2008,0,16,51,16,51,16,51,27,84,27,84
172,1,13,12,0,12000000,24020003,3,75,0,0,101,204,2008,0,20,61,20,61,20,61,32,101,32,101
173,1,13,13,0,14000000,24020003,6,95,0,0,101,274,2008,0,23,73,23,73,23,73,38,119,38,119
174,1,13,14,0,16200000,24020003,10,120,0,0,101,356,2008,0,27,85,27,85,27,85,44,139,44,139
175,1,13,15,0,18400000,24020003,15,150,0,0,101,450,2008,0,31,98,31,98,31,98,51,160,51,160
176,1,13,16,0,20600000,24020004,5,70,0,0,102,556,2009,0,36,112,36,112,36,112,59,183,59,183
177,1,13,17,0,23000000,24020004,5,80,0,0,102,674,2009,0,41,127,41,127,41,127,66,207,66,207
178,1,13,18,0,25600000,24020004,5,90,0,0,102,804,2009,0,46,143,46,143,46,143,75,233,75,233
179,1,13,19,0,28400000,24020004,5,105,0,0,102,946,2009,0,51,159,51,159,51,159,83,261,83,261
180,1,13,20,0,30000000,24020004,5,135,0,0,102,1100,2009,0,57,177,57,177,57,177,93,290,93,290
181,1,14,1,10000,200000,24020001,5,0,101,0,102,2000,2006,0,0,1,0,1,0,1,0,2,0,2
182,1,14,2,9400,400000,24020001,5,0,101,10000,102,5000,2006,9,1,2,1,2,1,2,1,3,1,3
183,1,14,3,8900,1000000,24020001,5,0,101,20000,102,10000,2006,28,1,4,1,4,1,4,2,6,2,6
184,1,14,4,8400,1600000,24020001,5,0,101,70000,102,30000,2006,84,2,7,2,7,2,7,3,11,3,11
185,1,14,5,7900,3400000,24020001,5,0,101,210000,102,100000,2006,252,3,10,3,10,3,10,5,17,5,17
186,1,14,6,7400,4200000,24020002,5,0,101,630000,102,200000,2007,758,5,15,5,15,5,15,8,24,8,24
187,1,14,7,6900,5200000,24020002,5,0,101,1260000,102,400000,2007,1517,7,20,7,20,7,20,11,34,11,34
188,1,14,8,6400,6200000,24020002,5,0,101,2520000,101,600000,2007,3034,9,27,9,27,9,27,14,44,14,44
189,1,14,9,5900,7400000,24020002,5,0,102,151,101,60,2007,6069,11,34,11,34,11,34,18,55,18,55
190,1,14,10,5400,8600000,24020002,5,0,102,227,101,90,2007,9104,13,42,13,42,13,42,22,69,22,69
191,1,14,11,0,10200000,24020003,1,60,0,0,101,136,2008,0,16,51,16,51,16,51,27,84,27,84
192,1,14,12,0,12000000,24020003,3,75,0,0,101,204,2008,0,20,61,20,61,20,61,32,101,32,101
193,1,14,13,0,14000000,24020003,6,95,0,0,101,274,2008,0,23,73,23,73,23,73,38,119,38,119
194,1,14,14,0,16200000,24020003,10,120,0,0,101,356,2008,0,27,85,27,85,27,85,44,139,44,139
195,1,14,15,0,18400000,24020003,15,150,0,0,101,450,2008,0,31,98,31,98,31,98,51,160,51,160
196,1,14,16,0,20600000,24020004,5,70,0,0,102,556,2009,0,36,112,36,112,36,112,59,183,59,183
197,1,14,17,0,23000000,24020004,5,80,0,0,102,674,2009,0,41,127,41,127,41,127,66,207,66,207
198,1,14,18,0,25600000,24020004,5,90,0,0,102,804,2009,0,46,143,46,143,46,143,75,233,75,233
199,1,14,19,0,28400000,24020004,5,105,0,0,102,946,2009,0,51,159,51,159,51,159,83,261,83,261
200,1,14,20,0,30000000,24020004,5,135,0,0,102,1100,2009,0,57,177,57,177,57,177,93,290,93,290
201,1,17,1,10000,200000,24020001,5,0,101,0,102,2000,2006,0,0,1,0,1,0,1,0,2,0,2
202,1,17,2,9400,400000,24020001,5,0,101,10000,102,5000,2006,9,1,2,1,2,1,2,1,3,1,3
203,1,17,3,8900,1000000,24020001,5,0,101,20000,102,10000,2006,28,1,4,1,4,1,4,2,6,2,6
204,1,17,4,8400,1600000,24020001,5,0,101,70000,102,30000,2006,84,2,7,2,7,2,7,3,11,3,11
205,1,17,5,7900,3400000,24020001,5,0,101,210000,102,100000,2006,252,3,10,3,10,3,10,5,17,5,17
206,1,17,6,7400,4200000,24020002,5,0,101,630000,102,200000,2007,758,5,15,5,15,5,15,8,24,8,24
207,1,17,7,6900,5200000,24020002,5,0,101,1260000,102,400000,2007,1517,7,20,7,20,7,20,11,34,11,34
208,1,17,8,6400,6200000,24020002,5,0,101,2520000,101,600000,2007,3034,9,27,9,27,9,27,14,44,14,44
209,1,17,9,5900,7400000,24020002,5,0,102,151,101,60,2007,6069,11,34,11,34,11,34,18,55,18,55
210,1,17,10,5400,8600000,24020002,5,0,102,227,101,90,2007,9104,13,42,13,42,13,42,22,69,22,69
211,1,17,11,0,10200000,24020003,1,60,0,0,101,136,2008,0,16,51,16,51,16,51,27,84,27,84
212,1,17,12,0,12000000,24020003,3,75,0,0,101,204,2008,0,20,61,20,61,20,61,32,101,32,101
213,1,17,13,0,14000000,24020003,6,95,0,0,101,274,2008,0,23,73,23,73,23,73,38,119,38,119
214,1,17,14,0,16200000,24020003,10,120,0,0,101,356,2008,0,27,85,27,85,27,85,44,139,44,139
215,1,17,15,0,18400000,24020003,15,150,0,0,101,450,2008,0,31,98,31,98,31,98,51,160,51,160
216,1,17,16,0,20600000,24020004,5,70,0,0,102,556,2009,0,36,112,36,112,36,112,59,183,59,183
217,1,17,17,0,23000000,24020004,5,80,0,0,102,674,2009,0,41,127,41,127,41,127,66,207,66,207
218,1,17,18,0,25600000,24020004,5,90,0,0,102,804,2009,0,46,143,46,143,46,143,75,233,75,233
219,1,17,19,0,28400000,24020004,5,105,0,0,102,946,2009,0,51,159,51,159,51,159,83,261,83,261
220,1,17,20,0,30000000,24020004,5,135,0,0,102,1100,2009,0,57,177,57,177,57,177,93,290,93,290
221,1,18,1,10000,200000,24020001,5,0,101,0,102,2000,2006,0,1,2,1,2,1,2,0,0,0,0
222,1,18,2,9400,400000,24020001,5,0,101,10000,102,5000,2006,9,1,3,1,3,1,3,0,0,0,0
223,1,18,3,8900,1000000,24020001,5,0,101,20000,102,10000,2006,28,2,7,2,7,2,7,0,0,0,0
224,1,18,4,8400,1600000,24020001,5,0,101,70000,102,30000,2006,84,4,12,4,12,4,12,0,0,0,0
225,1,18,5,7900,3400000,24020001,5,0,101,210000,102,100000,2006,252,6,19,6,19,6,19,0,0,0,0
226,1,18,6,7400,4200000,24020002,1,0,101,630000,102,200000,2007,758,9,28,9,28,9,28,0,0,0,0
227,1,18,7,6900,5200000,24020002,3,0,101,1260000,102,400000,2007,1517,12,38,12,38,12,38,0,0,0,0
228,1,18,8,6400,6200000,24020002,6,0,101,2520000,101,600000,2007,3034,16,51,16,51,16,51,0,0,0,0
229,1,18,9,5900,7400000,24020002,10,0,102,151,101,60,2007,6069,20,63,20,63,20,63,0,0,0,0
230,1,18,10,5400,8600000,24020002,15,0,102,227,101,90,2007,9104,25,79,25,79,25,79,0,0,0,0
231,1,18,11,0,10200000,24020003,5,60,0,0,101,136,2008,0,31,96,31,96,31,96,0,0,0,0
232,1,18,12,0,12000000,24020003,5,75,0,0,101,204,2008,0,37,115,37,115,37,115,0,0,0,0
233,1,18,13,0,14000000,24020003,5,95,0,0,101,274,2008,0,44,136,44,136,44,136,0,0,0,0
234,1,18,14,0,16200000,24020003,5,120,0,0,101,356,2008,0,51,159,51,159,51,159,0,0,0,0
235,1,18,15,0,18400000,24020003,5,150,0,0,101,450,2008,0,59,183,59,183,59,183,0,0,0,0
236,1,18,16,0,20600000,24020004,5,70,0,0,102,556,2009,0,67,210,67,210,67,210,0,0,0,0
237,1,18,17,0,23000000,24020004,5,80,0,0,102,674,2009,0,76,238,76,238,76,238,0,0,0,0
238,1,18,18,0,25600000,24020004,5,90,0,0,102,804,2009,0,86,267,86,267,86,267,0,0,0,0
239,1,18,19,0,28400000,24020004,5,105,0,0,102,946,2009,0,96,299,96,299,96,299,0,0,0,0
240,1,18,20,0,30000000,24020004,5,135,0,0,102,1100,2009,0,106,332,106,332,106,332,0,0,0,0
241,2,1,1,10000,200000,24020001,1,0,101,0,102,2000,2006,0,0,0,1,2,0,0,0,0,0,0
242,2,1,2,9400,400000,24020001,2,0,101,10000,102,5000,2006,9,0,0,1,3,0,0,0,0,0,0
243,2,1,3,8900,1000000,24020001,3,0,101,20000,102,10000,2006,28,0,0,2,7,0,0,0,0,0,0
244,2,1,4,8400,1600000,24020001,4,0,101,70000,102,30000,2006,84,0,0,4,12,0,0,0,0,0,0
245,2,1,5,7900,3400000,24020001,5,0,101,210000,102,100000,2006,252,0,0,6,19,0,0,0,0,0,0
246,2,1,6,7400,4200000,24020002,1,0,101,630000,102,200000,2007,758,0,0,9,28,0,0,0,0,0,0
247,2,1,7,6900,5200000,24020002,3,0,101,1260000,102,400000,2007,1517,0,0,12,38,0,0,0,0,0,0
248,2,1,8,6400,6200000,24020002,6,0,101,2520000,102,600000,2007,3034,0,0,16,51,0,0,0,0,0,0
249,2,1,9,5900,7400000,24020002,10,0,102,151,101,60,2007,6069,0,0,20,63,0,0,0,0,0,0
250,2,1,10,5400,8600000,24020002,15,0,102,227,101,90,2007,9104,0,0,25,79,0,0,0,0,0,0
251,2,1,11,0,10200000,24020003,5,60,0,0,101,136,2008,0,0,0,31,96,0,0,0,0,0,0
252,2,1,12,0,12000000,24020003,5,75,0,0,101,204,2008,0,0,0,37,115,0,0,0,0,0,0
253,2,1,13,0,14000000,24020003,5,95,0,0,101,274,2008,0,0,0,44,136,0,0,0,0,0,0
254,2,1,14,0,16200000,24020003,5,120,0,0,101,356,2008,0,0,0,51,159,0,0,0,0,0,0
255,2,1,15,0,18400000,24020003,5,150,0,0,101,450,2008,0,0,0,59,183,0,0,0,0,0,0
256,2,1,16,0,20600000,24020004,5,70,0,0,101,556,2009,0,0,0,67,210,0,0,0,0,0,0
257,2,1,17,0,23000000,24020004,5,80,0,0,102,674,2009,0,0,0,76,238,0,0,0,0,0,0
258,2,1,18,0,25600000,24020004,5,90,0,0,102,804,2009,0,0,0,86,267,0,0,0,0,0,0
259,2,1,19,0,28400000,24020004,5,105,0,0,102,946,2009,0,0,0,96,299,0,0,0,0,0,0
260,2,1,20,0,30000000,24020004,5,135,0,0,102,1100,2009,0,0,0,106,332,0,0,0,0,0,0
261,2,2,1,10000,200000,24020001,1,0,101,0,102,2000,2006,0,0,0,0,1,0,0,0,2,0,2
262,2,2,2,9400,400000,24020001,2,0,101,10000,102,5000,2006,9,0,0,1,2,0,0,1,3,1,3
263,2,2,3,8900,1000000,24020001,3,0,101,20000,102,10000,2006,28,0,0,1,4,0,0,2,6,2,6
264,2,2,4,8400,1600000,24020001,4,0,101,70000,102,30000,2006,84,0,0,2,7,0,0,3,11,3,11
265,2,2,5,7900,3400000,24020001,5,0,101,210000,102,100000,2006,252,0,0,3,10,0,0,5,17,5,17
266,2,2,6,7400,4200000,24020002,1,0,101,630000,102,200000,2007,758,0,0,5,15,0,0,8,24,8,24
267,2,2,7,6900,5200000,24020002,3,0,101,1260000,102,400000,2007,1517,0,0,7,20,0,0,11,34,11,34
268,2,2,8,6400,6200000,24020002,6,0,101,2520000,102,600000,2007,3034,0,0,9,27,0,0,14,44,14,44
269,2,2,9,5900,7400000,24020002,10,0,102,151,102,60,2007,6069,0,0,11,34,0,0,18,55,18,55
270,2,2,10,5400,8600000,24020002,15,0,102,227,101,90,2007,9104,0,0,13,42,0,0,22,69,22,69
271,2,2,11,0,10200000,24020003,5,60,0,0,101,136,2008,0,0,0,16,51,0,0,27,84,27,84
272,2,2,12,0,12000000,24020003,5,75,0,0,101,204,2008,0,0,0,20,61,0,0,32,101,32,101
273,2,2,13,0,14000000,24020003,5,95,0,0,101,274,2008,0,0,0,23,73,0,0,38,119,38,119
274,2,2,14,0,16200000,24020003,5,120,0,0,101,356,2008,0,0,0,27,85,0,0,44,139,44,139
275,2,2,15,0,18400000,24020003,5,150,0,0,101,450,2008,0,0,0,31,98,0,0,51,160,51,160
276,2,2,16,0,20600000,24020004,5,70,0,0,101,556,2009,0,0,0,36,112,0,0,59,183,59,183
277,2,2,17,0,23000000,24020004,5,80,0,0,101,674,2009,0,0,0,41,127,0,0,66,207,66,207
278,2,2,18,0,25600000,24020004,5,90,0,0,102,804,2009,0,0,0,46,143,0,0,75,233,75,233
279,2,2,19,0,28400000,24020004,5,105,0,0,102,946,2009,0,0,0,51,159,0,0,83,261,83,261
280,2,2,20,0,30000000,24020004,5,135,0,0,102,1100,2009,0,0,0,57,177,0,0,93,290,93,290
281,2,3,1,10000,200000,24020001,1,0,101,0,102,2000,2006,0,0,0,0,1,0,0,0,2,0,2
282,2,3,2,9400,400000,24020001,2,0,101,10000,102,5000,2006,9,0,0,1,2,0,0,1,3,1,3
283,2,3,3,8900,1000000,24020001,3,0,101,20000,102,10000,2006,28,0,0,1,4,0,0,2,6,2,6
284,2,3,4,8400,1600000,24020001,4,0,101,70000,102,30000,2006,84,0,0,2,7,0,0,3,11,3,11
285,2,3,5,7900,3400000,24020001,5,0,101,210000,102,100000,2006,252,0,0,3,10,0,0,5,17,5,17
286,2,3,6,7400,4200000,24020002,1,0,101,630000,102,200000,2007,758,0,0,5,15,0,0,8,24,8,24
287,2,3,7,6900,5200000,24020002,3,0,101,1260000,102,400000,2007,1517,0,0,7,20,0,0,11,34,11,34
288,2,3,8,6400,6200000,24020002,6,0,101,2520000,102,600000,2007,3034,0,0,9,27,0,0,14,44,14,44
289,2,3,9,5900,7400000,24020002,10,0,102,151,102,60,2007,6069,0,0,11,34,0,0,18,55,18,55
290,2,3,10,5400,8600000,24020002,15,0,102,227,102,90,2007,9104,0,0,13,42,0,0,22,69,22,69
291,2,3,11,0,10200000,24020003,5,60,0,0,101,136,2008,0,0,0,16,51,0,0,27,84,27,84
292,2,3,12,0,12000000,24020003,5,75,0,0,101,204,2008,0,0,0,20,61,0,0,32,101,32,101
293,2,3,13,0,14000000,24020003,5,95,0,0,101,274,2008,0,0,0,23,73,0,0,38,119,38,119
294,2,3,14,0,16200000,24020003,5,120,0,0,101,356,2008,0,0,0,27,85,0,0,44,139,44,139
295,2,3,15,0,18400000,24020003,5,150,0,0,101,450,2008,0,0,0,31,98,0,0,51,160,51,160
296,2,3,16,0,20600000,24020004,5,70,0,0,101,556,2009,0,0,0,36,112,0,0,59,183,59,183
297,2,3,17,0,23000000,24020004,5,80,0,0,101,674,2009,0,0,0,41,127,0,0,66,207,66,207
298,2,3,18,0,25600000,24020004,5,90,0,0,101,804,2009,0,0,0,46,143,0,0,75,233,75,233
299,2,3,19,0,28400000,24020004,5,105,0,0,102,946,2009,0,0,0,51,159,0,0,83,261,83,261
300,2,3,20,0,30000000,24020004,5,135,0,0,102,1100,2009,0,0,0,57,177,0,0,93,290,93,290
301,2,4,1,10000,200000,24020001,1,0,101,0,102,2000,2006,0,0,0,1,2,0,0,0,0,0,0
302,2,4,2,9400,400000,24020001,2,0,101,10000,102,5000,2006,9,0,0,1,3,0,0,0,0,0,0
303,2,4,3,8900,1000000,24020001,3,0,101,20000,102,10000,2006,28,0,0,2,7,0,0,0,0,0,0
304,2,4,4,8400,1600000,24020001,4,0,101,70000,102,30000,2006,84,0,0,4,12,0,0,0,0,0,0
305,2,4,5,7900,3400000,24020001,5,0,101,210000,102,100000,2006,252,0,0,6,19,0,0,0,0,0,0
306,2,4,6,7400,4200000,24020002,1,0,101,630000,102,200000,2007,758,0,0,9,28,0,0,0,0,0,0
307,2,4,7,6900,5200000,24020002,3,0,101,1260000,102,400000,2007,1517,0,0,12,38,0,0,0,0,0,0
308,2,4,8,6400,6200000,24020002,6,0,101,2520000,102,600000,2007,3034,0,0,16,51,0,0,0,0,0,0
309,2,4,9,5900,7400000,24020002,10,0,102,151,102,60,2007,6069,0,0,20,63,0,0,0,0,0,0
310,2,4,10,5400,8600000,24020002,15,0,102,227,102,90,2007,9104,0,0,25,79,0,0,0,0,0,0
311,2,4,11,0,10200000,24020003,5,60,0,0,102,136,2008,0,0,0,31,96,0,0,0,0,0,0
312,2,4,12,0,12000000,24020003,5,75,0,0,101,204,2008,0,0,0,37,115,0,0,0,0,0,0
313,2,4,13,0,14000000,24020003,5,95,0,0,101,274,2008,0,0,0,44,136,0,0,0,0,0,0
314,2,4,14,0,16200000,24020003,5,120,0,0,101,356,2008,0,0,0,51,159,0,0,0,0,0,0
315,2,4,15,0,18400000,24020003,5,150,0,0,101,450,2008,0,0,0,59,183,0,0,0,0,0,0
316,2,4,16,0,20600000,24020004,5,70,0,0,101,556,2009,0,0,0,67,210,0,0,0,0,0,0
317,2,4,17,0,23000000,24020004,5,80,0,0,101,674,2009,0,0,0,76,238,0,0,0,0,0,0
318,2,4,18,0,25600000,24020004,5,90,0,0,101,804,2009,0,0,0,86,267,0,0,0,0,0,0
319,2,4,19,0,28400000,24020004,5,105,0,0,101,946,2009,0,0,0,96,299,0,0,0,0,0,0
320,2,4,20,0,30000000,24020004,5,135,0,0,102,1100,2009,0,0,0,106,332,0,0,0,0,0,0
321,2,5,1,10000,200000,24020001,1,0,101,0,102,2000,2006,0,0,0,0,1,0,0,0,2,0,2
322,2,5,2,9400,400000,24020001,2,0,101,10000,102,5000,2006,9,0,0,1,2,0,0,1,3,1,3
323,2,5,3,8900,1000000,24020001,3,0,101,20000,102,10000,2006,28,0,0,1,4,0,0,2,6,2,6
324,2,5,4,8400,1600000,24020001,4,0,101,70000,102,30000,2006,84,0,0,2,7,0,0,3,11,3,11
325,2,5,5,7900,3400000,24020001,5,0,101,210000,102,100000,2006,252,0,0,3,10,0,0,5,17,5,17
326,2,5,6,7400,4200000,24020002,1,0,101,630000,102,200000,2007,758,0,0,5,15,0,0,8,24,8,24
327,2,5,7,6900,5200000,24020002,3,0,101,1260000,102,400000,2007,1517,0,0,7,20,0,0,11,34,11,34
328,2,5,8,6400,6200000,24020002,6,0,101,2520000,102,600000,2007,3034,0,0,9,27,0,0,14,44,14,44
329,2,5,9,5900,7400000,24020002,10,0,102,151,102,60,2007,6069,0,0,11,34,0,0,18,55,18,55
330,2,5,10,5400,8600000,24020002,15,0,102,227,102,90,2007,9104,0,0,13,42,0,0,22,69,22,69
331,2,5,11,0,10200000,24020003,5,60,0,0,102,136,2008,0,0,0,16,51,0,0,27,84,27,84
332,2,5,12,0,12000000,24020003,5,75,0,0,102,204,2008,0,0,0,20,61,0,0,32,101,32,101
333,2,5,13,0,14000000,24020003,5,95,0,0,101,274,2008,0,0,0,23,73,0,0,38,119,38,119
334,2,5,14,0,16200000,24020003,5,120,0,0,101,356,2008,0,0,0,27,85,0,0,44,139,44,139
335,2,5,15,0,18400000,24020003,5,150,0,0,101,450,2008,0,0,0,31,98,0,0,51,160,51,160
336,2,5,16,0,20600000,24020004,5,70,0,0,101,556,2009,0,0,0,36,112,0,0,59,183,59,183
337,2,5,17,0,23000000,24020004,5,80,0,0,101,674,2009,0,0,0,41,127,0,0,66,207,66,207
338,2,5,18,0,25600000,24020004,5,90,0,0,101,804,2009,0,0,0,46,143,0,0,75,233,75,233
339,2,5,19,0,28400000,24020004,5,105,0,0,101,946,2009,0,0,0,51,159,0,0,83,261,83,261
340,2,5,20,0,30000000,24020004,5,135,0,0,101,1100,2009,0,0,0,57,177,0,0,93,290,93,290
341,2,6,1,10000,200000,24020001,1,0,101,0,102,2000,2006,0,0,0,1,2,0,0,0,0,0,0
342,2,6,2,9400,400000,24020001,2,0,101,10000,102,5000,2006,9,0,0,1,3,0,0,0,0,0,0
343,2,6,3,8900,1000000,24020001,3,0,101,20000,102,10000,2006,28,0,0,2,7,0,0,0,0,0,0
344,2,6,4,8400,1600000,24020001,4,0,101,70000,102,30000,2006,84,0,0,4,12,0,0,0,0,0,0
345,2,6,5,7900,3400000,24020001,5,0,101,210000,102,100000,2006,252,0,0,6,19,0,0,0,0,0,0
346,2,6,6,7400,4200000,24020002,1,0,101,630000,102,200000,2007,758,0,0,9,28,0,0,0,0,0,0
347,2,6,7,6900,5200000,24020002,3,0,101,1260000,102,400000,2007,1517,0,0,12,38,0,0,0,0,0,0
348,2,6,8,6400,6200000,24020002,6,0,101,2520000,102,600000,2007,3034,0,0,16,51,0,0,0,0,0,0
349,2,6,9,5900,7400000,24020002,10,0,102,151,102,60,2007,6069,0,0,20,63,0,0,0,0,0,0
350,2,6,10,5400,8600000,24020002,15,0,102,227,102,90,2007,9104,0,0,25,79,0,0,0,0,0,0
351,2,6,11,0,10200000,24020003,5,60,0,0,102,136,2008,0,0,0,31,96,0,0,0,0,0,0
352,2,6,12,0,12000000,24020003,5,75,0,0,102,204,2008,0,0,0,37,115,0,0,0,0,0,0
353,2,6,13,0,14000000,24020003,5,95,0,0,102,274,2008,0,0,0,44,136,0,0,0,0,0,0
354,2,6,14,0,16200000,24020003,5,120,0,0,101,356,2008,0,0,0,51,159,0,0,0,0,0,0
355,2,6,15,0,18400000,24020003,5,150,0,0,101,450,2008,0,0,0,59,183,0,0,0,0,0,0
356,2,6,16,0,20600000,24020004,5,70,0,0,101,556,2009,0,0,0,67,210,0,0,0,0,0,0
357,2,6,17,0,23000000,24020004,5,80,0,0,101,674,2009,0,0,0,76,238,0,0,0,0,0,0
358,2,6,18,0,25600000,24020004,5,90,0,0,101,804,2009,0,0,0,86,267,0,0,0,0,0,0
359,2,6,19,0,28400000,24020004,5,105,0,0,101,946,2009,0,0,0,96,299,0,0,0,0,0,0
360,2,6,20,0,30000000,24020004,5,135,0,0,101,1100,2009,0,0,0,106,332,0,0,0,0,0,0
361,2,7,1,10000,200000,24020001,1,0,101,0,101,2000,2006,0,0,0,0,1,0,0,0,2,0,2
362,2,7,2,9400,400000,24020001,2,0,101,10000,102,5000,2006,9,0,0,1,2,0,0,1,3,1,3
363,2,7,3,8900,1000000,24020001,3,0,101,20000,102,10000,2006,28,0,0,1,4,0,0,2,6,2,6
364,2,7,4,8400,1600000,24020001,4,0,101,70000,102,30000,2006,84,0,0,2,7,0,0,3,11,3,11
365,2,7,5,7900,3400000,24020001,5,0,101,210000,102,100000,2006,252,0,0,3,10,0,0,5,17,5,17
366,2,7,6,7400,4200000,24020002,1,0,101,630000,102,200000,2007,758,0,0,5,15,0,0,8,24,8,24
367,2,7,7,6900,5200000,24020002,3,0,101,1260000,102,400000,2007,1517,0,0,7,20,0,0,11,34,11,34
368,2,7,8,6400,6200000,24020002,6,0,101,2520000,102,600000,2007,3034,0,0,9,27,0,0,14,44,14,44
369,2,7,9,5900,7400000,24020002,10,0,102,151,102,60,2007,6069,0,0,11,34,0,0,18,55,18,55
370,2,7,10,5400,8600000,24020002,15,0,102,227,102,90,2007,9104,0,0,13,42,0,0,22,69,22,69
371,2,7,11,0,10200000,24020003,5,60,0,0,102,136,2008,0,0,0,16,51,0,0,27,84,27,84
372,2,7,12,0,12000000,24020003,5,75,0,0,102,204,2008,0,0,0,20,61,0,0,32,101,32,101
373,2,7,13,0,14000000,24020003,5,95,0,0,102,274,2008,0,0,0,23,73,0,0,38,119,38,119
374,2,7,14,0,16200000,24020003,5,120,0,0,102,356,2008,0,0,0,27,85,0,0,44,139,44,139
375,2,7,15,0,18400000,24020003,5,150,0,0,101,450,2008,0,0,0,31,98,0,0,51,160,51,160
376,2,7,16,0,20600000,24020004,5,70,0,0,101,556,2009,0,0,0,36,112,0,0,59,183,59,183
377,2,7,17,0,23000000,24020004,5,80,0,0,101,674,2009,0,0,0,41,127,0,0,66,207,66,207
378,2,7,18,0,25600000,24020004,5,90,0,0,101,804,2009,0,0,0,46,143,0,0,75,233,75,233
379,2,7,19,0,28400000,24020004,5,105,0,0,101,946,2009,0,0,0,51,159,0,0,83,261,83,261
380,2,7,20,0,30000000,24020004,5,135,0,0,101,1100,2009,0,0,0,57,177,0,0,93,290,93,290
381,2,8,1,10000,200000,24020001,1,0,101,0,101,2000,2006,0,0,0,0,1,0,0,0,2,0,2
382,2,8,2,9400,400000,24020001,2,0,101,10000,101,5000,2006,9,0,0,1,2,0,0,1,3,1,3
383,2,8,3,8900,1000000,24020001,3,0,101,20000,102,10000,2006,28,0,0,1,4,0,0,2,6,2,6
384,2,8,4,8400,1600000,24020001,4,0,101,70000,102,30000,2006,84,0,0,2,7,0,0,3,11,3,11
385,2,8,5,7900,3400000,24020001,5,0,101,210000,102,100000,2006,252,0,0,3,10,0,0,5,17,5,17
386,2,8,6,7400,4200000,24020002,1,0,101,630000,102,200000,2007,758,0,0,5,15,0,0,8,24,8,24
387,2,8,7,6900,5200000,24020002,3,0,101,1260000,102,400000,2007,1517,0,0,7,20,0,0,11,34,11,34
388,2,8,8,6400,6200000,24020002,6,0,101,2520000,102,600000,2007,3034,0,0,9,27,0,0,14,44,14,44
389,2,8,9,5900,7400000,24020002,10,0,102,151,102,60,2007,6069,0,0,11,34,0,0,18,55,18,55
390,2,8,10,5400,8600000,24020002,15,0,102,227,102,90,2007,9104,0,0,13,42,0,0,22,69,22,69
391,2,8,11,0,10200000,24020003,5,60,0,0,102,136,2008,0,0,0,16,51,0,0,27,84,27,84
392,2,8,12,0,12000000,24020003,5,75,0,0,102,204,2008,0,0,0,20,61,0,0,32,101,32,101
393,2,8,13,0,14000000,24020003,5,95,0,0,102,274,2008,0,0,0,23,73,0,0,38,119,38,119
394,2,8,14,0,16200000,24020003,5,120,0,0,102,356,2008,0,0,0,27,85,0,0,44,139,44,139
395,2,8,15,0,18400000,24020003,5,150,0,0,102,450,2008,0,0,0,31,98,0,0,51,160,51,160
396,2,8,16,0,20600000,24020004,5,70,0,0,101,556,2009,0,0,0,36,112,0,0,59,183,59,183
397,2,8,17,0,23000000,24020004,5,80,0,0,101,674,2009,0,0,0,41,127,0,0,66,207,66,207
398,2,8,18,0,25600000,24020004,5,90,0,0,101,804,2009,0,0,0,46,143,0,0,75,233,75,233
399,2,8,19,0,28400000,24020004,5,105,0,0,101,946,2009,0,0,0,51,159,0,0,83,261,83,261
400,2,8,20,0,30000000,24020004,5,135,0,0,101,1100,2009,0,0,0,57,177,0,0,93,290,93,290
401,2,13,1,10000,200000,24020001,5,0,101,0,102,2000,2006,0,0,1,0,1,0,1,0,2,0,2
402,2,13,2,9400,400000,24020001,5,0,101,10000,102,5000,2006,9,1,2,1,2,1,2,1,3,1,3
403,2,13,3,8900,1000000,24020001,5,0,101,20000,102,10000,2006,28,1,4,1,4,1,4,2,6,2,6
404,2,13,4,8400,1600000,24020001,5,0,101,70000,102,30000,2006,84,2,7,2,7,2,7,3,11,3,11
405,2,13,5,7900,3400000,24020001,5,0,101,210000,102,100000,2006,252,3,10,3,10,3,10,5,17,5,17
406,2,13,6,7400,4200000,24020002,5,0,101,630000,102,200000,2007,758,5,15,5,15,5,15,8,24,8,24
407,2,13,7,6900,5200000,24020002,5,0,101,1260000,102,400000,2007,1517,7,20,7,20,7,20,11,34,11,34
408,2,13,8,6400,6200000,24020002,5,0,101,2520000,101,600000,2007,3034,9,27,9,27,9,27,14,44,14,44
409,2,13,9,5900,7400000,24020002,5,0,102,151,101,60,2007,6069,11,34,11,34,11,34,18,55,18,55
410,2,13,10,5400,8600000,24020002,5,0,102,227,101,90,2007,9104,13,42,13,42,13,42,22,69,22,69
411,2,13,11,0,10200000,24020003,1,60,0,0,101,136,2008,0,16,51,16,51,16,51,27,84,27,84
412,2,13,12,0,12000000,24020003,3,75,0,0,101,204,2008,0,20,61,20,61,20,61,32,101,32,101
413,2,13,13,0,14000000,24020003,6,95,0,0,101,274,2008,0,23,73,23,73,23,73,38,119,38,119
414,2,13,14,0,16200000,24020003,10,120,0,0,101,356,2008,0,27,85,27,85,27,85,44,139,44,139
415,2,13,15,0,18400000,24020003,15,150,0,0,101,450,2008,0,31,98,31,98,31,98,51,160,51,160
416,2,13,16,0,20600000,24020004,5,70,0,0,102,556,2009,0,36,112,36,112,36,112,59,183,59,183
417,2,13,17,0,23000000,24020004,5,80,0,0,102,674,2009,0,41,127,41,127,41,127,66,207,66,207
418,2,13,18,0,25600000,24020004,5,90,0,0,102,804,2009,0,46,143,46,143,46,143,75,233,75,233
419,2,13,19,0,28400000,24020004,5,105,0,0,102,946,2009,0,51,159,51,159,51,159,83,261,83,261
420,2,13,20,0,30000000,24020004,5,135,0,0,102,1100,2009,0,57,177,57,177,57,177,93,290,93,290
421,2,14,1,10000,200000,24020001,5,0,101,0,102,2000,2006,0,0,1,0,1,0,1,0,2,0,2
422,2,14,2,9400,400000,24020001,5,0,101,10000,102,5000,2006,9,1,2,1,2,1,2,1,3,1,3
423,2,14,3,8900,1000000,24020001,5,0,101,20000,102,10000,2006,28,1,4,1,4,1,4,2,6,2,6
424,2,14,4,8400,1600000,24020001,5,0,101,70000,102,30000,2006,84,2,7,2,7,2,7,3,11,3,11
425,2,14,5,7900,3400000,24020001,5,0,101,210000,102,100000,2006,252,3,10,3,10,3,10,5,17,5,17
426,2,14,6,7400,4200000,24020002,5,0,101,630000,102,200000,2007,758,5,15,5,15,5,15,8,24,8,24
427,2,14,7,6900,5200000,24020002,5,0,101,1260000,102,400000,2007,1517,7,20,7,20,7,20,11,34,11,34
428,2,14,8,6400,6200000,24020002,5,0,101,2520000,101,600000,2007,3034,9,27,9,27,9,27,14,44,14,44
429,2,14,9,5900,7400000,24020002,5,0,102,151,101,60,2007,6069,11,34,11,34,11,34,18,55,18,55
430,2,14,10,5400,8600000,24020002,5,0,102,227,101,90,2007,9104,13,42,13,42,13,42,22,69,22,69
431,2,14,11,0,10200000,24020003,1,60,0,0,101,136,2008,0,16,51,16,51,16,51,27,84,27,84
432,2,14,12,0,12000000,24020003,3,75,0,0,101,204,2008,0,20,61,20,61,20,61,32,101,32,101
433,2,14,13,0,14000000,24020003,6,95,0,0,101,274,2008,0,23,73,23,73,23,73,38,119,38,119
434,2,14,14,0,16200000,24020003,10,120,0,0,101,356,2008,0,27,85,27,85,27,85,44,139,44,139
435,2,14,15,0,18400000,24020003,15,150,0,0,101,450,2008,0,31,98,31,98,31,98,51,160,51,160
436,2,14,16,0,20600000,24020004,5,70,0,0,102,556,2009,0,36,112,36,112,36,112,59,183,59,183
437,2,14,17,0,23000000,24020004,5,80,0,0,102,674,2009,0,41,127,41,127,41,127,66,207,66,207
438,2,14,18,0,25600000,24020004,5,90,0,0,102,804,2009,0,46,143,46,143,46,143,75,233,75,233
439,2,14,19,0,28400000,24020004,5,105,0,0,102,946,2009,0,51,159,51,159,51,159,83,261,83,261
440,2,14,20,0,30000000,24020004,5,135,0,0,102,1100,2009,0,57,177,57,177,57,177,93,290,93,290
441,2,17,1,10000,200000,24020001,5,0,101,0,102,2000,2006,0,0,1,0,1,0,1,0,2,0,2
442,2,17,2,9400,400000,24020001,5,0,101,10000,102,5000,2006,9,1,2,1,2,1,2,1,3,1,3
443,2,17,3,8900,1000000,24020001,5,0,101,20000,102,10000,2006,28,1,4,1,4,1,4,2,6,2,6
444,2,17,4,8400,1600000,24020001,5,0,101,70000,102,30000,2006,84,2,7,2,7,2,7,3,11,3,11
445,2,17,5,7900,3400000,24020001,5,0,101,210000,102,100000,2006,252,3,10,3,10,3,10,5,17,5,17
446,2,17,6,7400,4200000,24020002,5,0,101,630000,102,200000,2007,758,5,15,5,15,5,15,8,24,8,24
447,2,17,7,6900,5200000,24020002,5,0,101,1260000,102,400000,2007,1517,7,20,7,20,7,20,11,34,11,34
448,2,17,8,6400,6200000,24020002,5,0,101,2520000,101,600000,2007,3034,9,27,9,27,9,27,14,44,14,44
449,2,17,9,5900,7400000,24020002,5,0,102,151,101,60,2007,6069,11,34,11,34,11,34,18,55,18,55
450,2,17,10,5400,8600000,24020002,5,0,102,227,101,90,2007,9104,13,42,13,42,13,42,22,69,22,69
451,2,17,11,0,10200000,24020003,1,60,0,0,101,136,2008,0,16,51,16,51,16,51,27,84,27,84
452,2,17,12,0,12000000,24020003,3,75,0,0,101,204,2008,0,20,61,20,61,20,61,32,101,32,101
453,2,17,13,0,14000000,24020003,6,95,0,0,101,274,2008,0,23,73,23,73,23,73,38,119,38,119
454,2,17,14,0,16200000,24020003,10,120,0,0,101,356,2008,0,27,85,27,85,27,85,44,139,44,139
455,2,17,15,0,18400000,24020003,15,150,0,0,101,450,2008,0,31,98,31,98,31,98,51,160,51,160
456,2,17,16,0,20600000,24020004,5,70,0,0,102,556,2009,0,36,112,36,112,36,112,59,183,59,183
457,2,17,17,0,23000000,24020004,5,80,0,0,102,674,2009,0,41,127,41,127,41,127,66,207,66,207
458,2,17,18,0,25600000,24020004,5,90,0,0,102,804,2009,0,46,143,46,143,46,143,75,233,75,233
459,2,17,19,0,28400000,24020004,5,105,0,0,102,946,2009,0,51,159,51,159,51,159,83,261,83,261
460,2,17,20,0,30000000,24020004,5,135,0,0,102,1100,2009,0,57,177,57,177,57,177,93,290,93,290
461,2,18,1,10000,200000,24020001,5,0,101,0,102,2000,2006,0,1,2,1,2,1,2,0,0,0,0
462,2,18,2,9400,400000,24020001,5,0,101,10000,102,5000,2006,9,1,3,1,3,1,3,0,0,0,0
463,2,18,3,8900,1000000,24020001,5,0,101,20000,102,10000,2006,28,2,7,2,7,2,7,0,0,0,0
464,2,18,4,8400,1600000,24020001,5,0,101,70000,102,30000,2006,84,4,12,4,12,4,12,0,0,0,0
465,2,18,5,7900,3400000,24020001,5,0,101,210000,102,100000,2006,252,6,19,6,19,6,19,0,0,0,0
466,2,18,6,7400,4200000,24020002,1,0,101,630000,102,200000,2007,758,9,28,9,28,9,28,0,0,0,0
467,2,18,7,6900,5200000,24020002,3,0,101,1260000,102,400000,2007,1517,12,38,12,38,12,38,0,0,0,0
468,2,18,8,6400,6200000,24020002,6,0,101,2520000,101,600000,2007,3034,16,51,16,51,16,51,0,0,0,0
469,2,18,9,5900,7400000,24020002,10,0,102,151,101,60,2007,6069,20,63,20,63,20,63,0,0,0,0
470,2,18,10,5400,8600000,24020002,15,0,102,227,101,90,2007,9104,25,79,25,79,25,79,0,0,0,0
471,2,18,11,0,10200000,24020003,5,60,0,0,101,136,2008,0,31,96,31,96,31,96,0,0,0,0
472,2,18,12,0,12000000,24020003,5,75,0,0,101,204,2008,0,37,115,37,115,37,115,0,0,0,0
473,2,18,13,0,14000000,24020003,5,95,0,0,101,274,2008,0,44,136,44,136,44,136,0,0,0,0
474,2,18,14,0,16200000,24020003,5,120,0,0,101,356,2008,0,51,159,51,159,51,159,0,0,0,0
475,2,18,15,0,18400000,24020003,5,150,0,0,101,450,2008,0,59,183,59,183,59,183,0,0,0,0
476,2,18,16,0,20600000,24020004,5,70,0,0,102,556,2009,0,67,210,67,210,67,210,0,0,0,0
477,2,18,17,0,23000000,24020004,5,80,0,0,102,674,2009,0,76,238,76,238,76,238,0,0,0,0
478,2,18,18,0,25600000,24020004,5,90,0,0,102,804,2009,0,86,267,86,267,86,267,0,0,0,0
479,2,18,19,0,28400000,24020004,5,105,0,0,102,946,2009,0,96,299,96,299,96,299,0,0,0,0
480,2,18,20,0,30000000,24020004,5,135,0,0,102,1100,2009,0,106,332,106,332,106,332,0,0,0,0
481,3,1,1,10000,200000,24020001,1,0,101,0,101,2000,2006,0,0,0,0,0,1,2,0,0,0,0
482,3,1,2,9400,400000,24020001,2,0,101,10000,101,5000,2006,9,0,0,0,0,1,3,0,0,0,0
483,3,1,3,8900,1000000,24020001,3,0,101,20000,101,10000,2006,28,0,0,0,0,2,7,0,0,0,0
484,3,1,4,8400,1600000,24020001,4,0,101,70000,102,30000,2006,84,0,0,0,0,4,12,0,0,0,0
485,3,1,5,7900,3400000,24020001,5,0,101,210000,102,100000,2006,252,0,0,0,0,6,19,0,0,0,0
486,3,1,6,7400,4200000,24020002,1,0,101,630000,102,200000,2007,758,0,0,0,0,9,28,0,0,0,0
487,3,1,7,6900,5200000,24020002,3,0,101,1260000,102,400000,2007,1517,0,0,0,0,12,38,0,0,0,0
488,3,1,8,6400,6200000,24020002,6,0,101,2520000,102,600000,2007,3034,0,0,0,0,16,51,0,0,0,0
489,3,1,9,5900,7400000,24020002,10,0,102,151,102,60,2007,6069,0,0,0,0,20,63,0,0,0,0
490,3,1,10,5400,8600000,24020002,15,0,102,227,102,90,2007,9104,0,0,0,0,25,79,0,0,0,0
491,3,1,11,0,10200000,24020003,5,60,0,0,102,136,2008,0,0,0,0,0,31,96,0,0,0,0
492,3,1,12,0,12000000,24020003,5,75,0,0,102,204,2008,0,0,0,0,0,37,115,0,0,0,0
493,3,1,13,0,14000000,24020003,5,95,0,0,102,274,2008,0,0,0,0,0,44,136,0,0,0,0
494,3,1,14,0,16200000,24020003,5,120,0,0,102,356,2008,0,0,0,0,0,51,159,0,0,0,0
495,3,1,15,0,18400000,24020003,5,150,0,0,102,450,2008,0,0,0,0,0,59,183,0,0,0,0
496,3,1,16,0,20600000,24020004,5,70,0,0,102,556,2009,0,0,0,0,0,67,210,0,0,0,0
497,3,1,17,0,23000000,24020004,5,80,0,0,101,674,2009,0,0,0,0,0,76,238,0,0,0,0
498,3,1,18,0,25600000,24020004,5,90,0,0,101,804,2009,0,0,0,0,0,86,267,0,0,0,0
499,3,1,19,0,28400000,24020004,5,105,0,0,101,946,2009,0,0,0,0,0,96,299,0,0,0,0
500,3,1,20,0,30000000,24020004,5,135,0,0,101,1100,2009,0,0,0,0,0,106,332,0,0,0,0
501,3,2,1,10000,200000,24020001,1,0,101,0,101,2000,2006,0,0,0,0,0,0,1,0,2,0,2
502,3,2,2,9400,400000,24020001,2,0,101,10000,101,5000,2006,9,0,0,0,0,1,2,1,3,1,3
503,3,2,3,8900,1000000,24020001,3,0,101,20000,101,10000,2006,28,0,0,0,0,1,4,2,6,2,6
504,3,2,4,8400,1600000,24020001,4,0,101,70000,101,30000,2006,84,0,0,0,0,2,7,3,11,3,11
505,3,2,5,7900,3400000,24020001,5,0,101,210000,102,100000,2006,252,0,0,0,0,3,10,5,17,5,17
506,3,2,6,7400,4200000,24020002,1,0,101,630000,102,200000,2007,758,0,0,0,0,5,15,8,24,8,24
507,3,2,7,6900,5200000,24020002,3,0,101,1260000,102,400000,2007,1517,0,0,0,0,7,20,11,34,11,34
508,3,2,8,6400,6200000,24020002,6,0,101,2520000,102,600000,2007,3034,0,0,0,0,9,27,14,44,14,44
509,3,2,9,5900,7400000,24020002,10,0,102,151,102,60,2007,6069,0,0,0,0,11,34,18,55,18,55
510,3,2,10,5400,8600000,24020002,15,0,102,227,102,90,2007,9104,0,0,0,0,13,42,22,69,22,69
511,3,2,11,0,10200000,24020003,5,60,0,0,102,136,2008,0,0,0,0,0,16,51,27,84,27,84
512,3,2,12,0,12000000,24020003,5,75,0,0,102,204,2008,0,0,0,0,0,20,61,32,101,32,101
513,3,2,13,0,14000000,24020003,5,95,0,0,102,274,2008,0,0,0,0,0,23,73,38,119,38,119
514,3,2,14,0,16200000,24020003,5,120,0,0,102,356,2008,0,0,0,0,0,27,85,44,139,44,139
515,3,2,15,0,18400000,24020003,5,150,0,0,102,450,2008,0,0,0,0,0,31,98,51,160,51,160
516,3,2,16,0,20600000,24020004,5,70,0,0,102,556,2009,0,0,0,0,0,36,112,59,183,59,183
517,3,2,17,0,23000000,24020004,5,80,0,0,102,674,2009,0,0,0,0,0,41,127,66,207,66,207
518,3,2,18,0,25600000,24020004,5,90,0,0,101,804,2009,0,0,0,0,0,46,143,75,233,75,233
519,3,2,19,0,28400000,24020004,5,105,0,0,101,946,2009,0,0,0,0,0,51,159,83,261,83,261
520,3,2,20,0,30000000,24020004,5,135,0,0,101,1100,2009,0,0,0,0,0,57,177,93,290,93,290
521,3,3,1,10000,200000,24020001,1,0,101,0,101,2000,2006,0,0,0,0,0,0,1,0,2,0,2
522,3,3,2,9400,400000,24020001,2,0,101,10000,101,5000,2006,9,0,0,0,0,1,2,1,3,1,3
523,3,3,3,8900,1000000,24020001,3,0,101,20000,101,10000,2006,28,0,0,0,0,1,4,2,6,2,6
524,3,3,4,8400,1600000,24020001,4,0,101,70000,101,30000,2006,84,0,0,0,0,2,7,3,11,3,11
525,3,3,5,7900,3400000,24020001,5,0,101,210000,101,100000,2006,252,0,0,0,0,3,10,5,17,5,17
526,3,3,6,7400,4200000,24020002,1,0,101,630000,102,200000,2007,758,0,0,0,0,5,15,8,24,8,24
527,3,3,7,6900,5200000,24020002,3,0,101,1260000,102,400000,2007,1517,0,0,0,0,7,20,11,34,11,34
528,3,3,8,6400,6200000,24020002,6,0,101,2520000,102,600000,2007,3034,0,0,0,0,9,27,14,44,14,44
529,3,3,9,5900,7400000,24020002,10,0,102,151,102,60,2007,6069,0,0,0,0,11,34,18,55,18,55
530,3,3,10,5400,8600000,24020002,15,0,102,227,102,90,2007,9104,0,0,0,0,13,42,22,69,22,69
531,3,3,11,0,10200000,24020003,5,60,0,0,102,136,2008,0,0,0,0,0,16,51,27,84,27,84
532,3,3,12,0,12000000,24020003,5,75,0,0,102,204,2008,0,0,0,0,0,20,61,32,101,32,101
533,3,3,13,0,14000000,24020003,5,95,0,0,102,274,2008,0,0,0,0,0,23,73,38,119,38,119
534,3,3,14,0,16200000,24020003,5,120,0,0,102,356,2008,0,0,0,0,0,27,85,44,139,44,139
535,3,3,15,0,18400000,24020003,5,150,0,0,102,450,2008,0,0,0,0,0,31,98,51,160,51,160
536,3,3,16,0,20600000,24020004,5,70,0,0,102,556,2009,0,0,0,0,0,36,112,59,183,59,183
537,3,3,17,0,23000000,24020004,5,80,0,0,102,674,2009,0,0,0,0,0,41,127,66,207,66,207
538,3,3,18,0,25600000,24020004,5,90,0,0,102,804,2009,0,0,0,0,0,46,143,75,233,75,233
539,3,3,19,0,28400000,24020004,5,105,0,0,101,946,2009,0,0,0,0,0,51,159,83,261,83,261
540,3,3,20,0,30000000,24020004,5,135,0,0,101,1100,2009,0,0,0,0,0,57,177,93,290,93,290
541,3,4,1,10000,200000,24020001,1,0,101,0,101,2000,2006,0,0,0,0,0,1,2,0,0,0,0
542,3,4,2,9400,400000,24020001,2,0,101,10000,101,5000,2006,9,0,0,0,0,1,3,0,0,0,0
543,3,4,3,8900,1000000,24020001,3,0,101,20000,101,10000,2006,28,0,0,0,0,2,7,0,0,0,0
544,3,4,4,8400,1600000,24020001,4,0,101,70000,101,30000,2006,84,0,0,0,0,4,12,0,0,0,0
545,3,4,5,7900,3400000,24020001,5,0,101,210000,101,100000,2006,252,0,0,0,0,6,19,0,0,0,0
546,3,4,6,7400,4200000,24020002,1,0,101,630000,101,200000,2007,758,0,0,0,0,9,28,0,0,0,0
547,3,4,7,6900,5200000,24020002,3,0,101,1260000,102,400000,2007,1517,0,0,0,0,12,38,0,0,0,0
548,3,4,8,6400,6200000,24020002,6,0,101,2520000,102,600000,2007,3034,0,0,0,0,16,51,0,0,0,0
549,3,4,9,5900,7400000,24020002,10,0,102,151,102,60,2007,6069,0,0,0,0,20,63,0,0,0,0
550,3,4,10,5400,8600000,24020002,15,0,102,227,102,90,2007,9104,0,0,0,0,25,79,0,0,0,0
551,3,4,11,0,10200000,24020003,5,60,0,0,102,136,2008,0,0,0,0,0,31,96,0,0,0,0
552,3,4,12,0,12000000,24020003,5,75,0,0,102,204,2008,0,0,0,0,0,37,115,0,0,0,0
553,3,4,13,0,14000000,24020003,5,95,0,0,102,274,2008,0,0,0,0,0,44,136,0,0,0,0
554,3,4,14,0,16200000,24020003,5,120,0,0,102,356,2008,0,0,0,0,0,51,159,0,0,0,0
555,3,4,15,0,18400000,24020003,5,150,0,0,102,450,2008,0,0,0,0,0,59,183,0,0,0,0
556,3,4,16,0,20600000,24020004,5,70,0,0,102,556,2009,0,0,0,0,0,67,210,0,0,0,0
557,3,4,17,0,23000000,24020004,5,80,0,0,102,674,2009,0,0,0,0,0,76,238,0,0,0,0
558,3,4,18,0,25600000,24020004,5,90,0,0,102,804,2009,0,0,0,0,0,86,267,0,0,0,0
559,3,4,19,0,28400000,24020004,5,105,0,0,102,946,2009,0,0,0,0,0,96,299,0,0,0,0
560,3,4,20,0,30000000,24020004,5,135,0,0,101,1100,2009,0,0,0,0,0,106,332,0,0,0,0
561,3,5,1,10000,200000,24020001,1,0,101,0,101,2000,2006,0,0,0,0,0,0,1,0,2,0,2
562,3,5,2,9400,400000,24020001,2,0,101,10000,101,5000,2006,9,0,0,0,0,1,2,1,3,1,3
563,3,5,3,8900,1000000,24020001,3,0,101,20000,101,10000,2006,28,0,0,0,0,1,4,2,6,2,6
564,3,5,4,8400,1600000,24020001,4,0,101,70000,101,30000,2006,84,0,0,0,0,2,7,3,11,3,11
565,3,5,5,7900,3400000,24020001,5,0,101,210000,101,100000,2006,252,0,0,0,0,3,10,5,17,5,17
566,3,5,6,7400,4200000,24020002,1,0,101,630000,101,200000,2007,758,0,0,0,0,5,15,8,24,8,24
567,3,5,7,6900,5200000,24020002,3,0,101,1260000,101,400000,2007,1517,0,0,0,0,7,20,11,34,11,34
568,3,5,8,6400,6200000,24020002,6,0,101,2520000,102,600000,2007,3034,0,0,0,0,9,27,14,44,14,44
569,3,5,9,5900,7400000,24020002,10,0,102,151,102,60,2007,6069,0,0,0,0,11,34,18,55,18,55
570,3,5,10,5400,8600000,24020002,15,0,102,227,102,90,2007,9104,0,0,0,0,13,42,22,69,22,69
571,3,5,11,0,10200000,24020003,5,60,0,0,102,136,2008,0,0,0,0,0,16,51,27,84,27,84
572,3,5,12,0,12000000,24020003,5,75,0,0,102,204,2008,0,0,0,0,0,20,61,32,101,32,101
573,3,5,13,0,14000000,24020003,5,95,0,0,102,274,2008,0,0,0,0,0,23,73,38,119,38,119
574,3,5,14,0,16200000,24020003,5,120,0,0,102,356,2008,0,0,0,0,0,27,85,44,139,44,139
575,3,5,15,0,18400000,24020003,5,150,0,0,102,450,2008,0,0,0,0,0,31,98,51,160,51,160
576,3,5,16,0,20600000,24020004,5,70,0,0,102,556,2009,0,0,0,0,0,36,112,59,183,59,183
577,3,5,17,0,23000000,24020004,5,80,0,0,102,674,2009,0,0,0,0,0,41,127,66,207,66,207
578,3,5,18,0,25600000,24020004,5,90,0,0,102,804,2009,0,0,0,0,0,46,143,75,233,75,233
579,3,5,19,0,28400000,24020004,5,105,0,0,102,946,2009,0,0,0,0,0,51,159,83,261,83,261
580,3,5,20,0,30000000,24020004,5,135,0,0,102,1100,2009,0,0,0,0,0,57,177,93,290,93,290
581,3,6,1,10000,200000,24020001,1,0,101,0,101,2000,2006,0,0,0,0,0,1,2,0,0,0,0
582,3,6,2,9400,400000,24020001,2,0,101,10000,101,5000,2006,9,0,0,0,0,1,3,0,0,0,0
583,3,6,3,8900,1000000,24020001,3,0,101,20000,101,10000,2006,28,0,0,0,0,2,7,0,0,0,0
584,3,6,4,8400,1600000,24020001,4,0,101,70000,101,30000,2006,84,0,0,0,0,4,12,0,0,0,0
585,3,6,5,7900,3400000,24020001,5,0,101,210000,101,100000,2006,252,0,0,0,0,6,19,0,0,0,0
586,3,6,6,7400,4200000,24020002,1,0,101,630000,101,200000,2007,758,0,0,0,0,9,28,0,0,0,0
587,3,6,7,6900,5200000,24020002,3,0,101,1260000,101,400000,2007,1517,0,0,0,0,12,38,0,0,0,0
588,3,6,8,6400,6200000,24020002,6,0,101,2520000,101,600000,2007,3034,0,0,0,0,16,51,0,0,0,0
589,3,6,9,5900,7400000,24020002,10,0,102,151,102,60,2007,6069,0,0,0,0,20,63,0,0,0,0
590,3,6,10,5400,8600000,24020002,15,0,102,227,102,90,2007,9104,0,0,0,0,25,79,0,0,0,0
591,3,6,11,0,10200000,24020003,5,60,0,0,102,136,2008,0,0,0,0,0,31,96,0,0,0,0
592,3,6,12,0,12000000,24020003,5,75,0,0,102,204,2008,0,0,0,0,0,37,115,0,0,0,0
593,3,6,13,0,14000000,24020003,5,95,0,0,102,274,2008,0,0,0,0,0,44,136,0,0,0,0
594,3,6,14,0,16200000,24020003,5,120,0,0,102,356,2008,0,0,0,0,0,51,159,0,0,0,0
595,3,6,15,0,18400000,24020003,5,150,0,0,102,450,2008,0,0,0,0,0,59,183,0,0,0,0
596,3,6,16,0,20600000,24020004,5,70,0,0,102,556,2009,0,0,0,0,0,67,210,0,0,0,0
597,3,6,17,0,23000000,24020004,5,80,0,0,102,674,2009,0,0,0,0,0,76,238,0,0,0,0
598,3,6,18,0,25600000,24020004,5,90,0,0,102,804,2009,0,0,0,0,0,86,267,0,0,0,0
599,3,6,19,0,28400000,24020004,5,105,0,0,102,946,2009,0,0,0,0,0,96,299,0,0,0,0
600,3,6,20,0,30000000,24020004,5,135,0,0,102,1100,2009,0,0,0,0,0,106,332,0,0,0,0
601,3,7,1,10000,200000,24020001,1,0,101,0,102,2000,2006,0,0,0,0,0,0,1,0,2,0,2
602,3,7,2,9400,400000,24020001,2,0,101,10000,101,5000,2006,9,0,0,0,0,1,2,1,3,1,3
603,3,7,3,8900,1000000,24020001,3,0,101,20000,101,10000,2006,28,0,0,0,0,1,4,2,6,2,6
604,3,7,4,8400,1600000,24020001,4,0,101,70000,101,30000,2006,84,0,0,0,0,2,7,3,11,3,11
605,3,7,5,7900,3400000,24020001,5,0,101,210000,101,100000,2006,252,0,0,0,0,3,10,5,17,5,17
606,3,7,6,7400,4200000,24020002,1,0,101,630000,101,200000,2007,758,0,0,0,0,5,15,8,24,8,24
607,3,7,7,6900,5200000,24020002,3,0,101,1260000,101,400000,2007,1517,0,0,0,0,7,20,11,34,11,34
608,3,7,8,6400,6200000,24020002,6,0,101,2520000,101,600000,2007,3034,0,0,0,0,9,27,14,44,14,44
609,3,7,9,5900,7400000,24020002,10,0,102,151,101,60,2007,6069,0,0,0,0,11,34,18,55,18,55
610,3,7,10,5400,8600000,24020002,15,0,102,227,102,90,2007,9104,0,0,0,0,13,42,22,69,22,69
611,3,7,11,0,10200000,24020003,5,60,0,0,102,136,2008,0,0,0,0,0,16,51,27,84,27,84
612,3,7,12,0,12000000,24020003,5,75,0,0,102,204,2008,0,0,0,0,0,20,61,32,101,32,101
613,3,7,13,0,14000000,24020003,5,95,0,0,102,274,2008,0,0,0,0,0,23,73,38,119,38,119
614,3,7,14,0,16200000,24020003,5,120,0,0,102,356,2008,0,0,0,0,0,27,85,44,139,44,139
615,3,7,15,0,18400000,24020003,5,150,0,0,102,450,2008,0,0,0,0,0,31,98,51,160,51,160
616,3,7,16,0,20600000,24020004,5,70,0,0,102,556,2009,0,0,0,0,0,36,112,59,183,59,183
617,3,7,17,0,23000000,24020004,5,80,0,0,102,674,2009,0,0,0,0,0,41,127,66,207,66,207
618,3,7,18,0,25600000,24020004,5,90,0,0,102,804,2009,0,0,0,0,0,46,143,75,233,75,233
619,3,7,19,0,28400000,24020004,5,105,0,0,102,946,2009,0,0,0,0,0,51,159,83,261,83,261
620,3,7,20,0,30000000,24020004,5,135,0,0,102,1100,2009,0,0,0,0,0,57,177,93,290,93,290
621,3,8,1,10000,200000,24020001,1,0,101,0,102,2000,2006,0,0,0,0,0,0,1,0,2,0,2
622,3,8,2,9400,400000,24020001,2,0,101,10000,102,5000,2006,9,0,0,0,0,1,2,1,3,1,3
623,3,8,3,8900,1000000,24020001,3,0,101,20000,101,10000,2006,28,0,0,0,0,1,4,2,6,2,6
624,3,8,4,8400,1600000,24020001,4,0,101,70000,101,30000,2006,84,0,0,0,0,2,7,3,11,3,11
625,3,8,5,7900,3400000,24020001,5,0,101,210000,101,100000,2006,252,0,0,0,0,3,10,5,17,5,17
626,3,8,6,7400,4200000,24020002,1,0,101,630000,101,200000,2007,758,0,0,0,0,5,15,8,24,8,24
627,3,8,7,6900,5200000,24020002,3,0,101,1260000,101,400000,2007,1517,0,0,0,0,7,20,11,34,11,34
628,3,8,8,6400,6200000,24020002,6,0,101,2520000,101,600000,2007,3034,0,0,0,0,9,27,14,44,14,44
629,3,8,9,5900,7400000,24020002,10,0,102,151,101,60,2007,6069,0,0,0,0,11,34,18,55,18,55
630,3,8,10,5400,8600000,24020002,15,0,102,227,101,90,2007,9104,0,0,0,0,13,42,22,69,22,69
631,3,8,11,0,10200000,24020003,5,60,0,0,102,136,2008,0,0,0,0,0,16,51,27,84,27,84
632,3,8,12,0,12000000,24020003,5,75,0,0,102,204,2008,0,0,0,0,0,20,61,32,101,32,101
633,3,8,13,0,14000000,24020003,5,95,0,0,102,274,2008,0,0,0,0,0,23,73,38,119,38,119
634,3,8,14,0,16200000,24020003,5,120,0,0,102,356,2008,0,0,0,0,0,27,85,44,139,44,139
635,3,8,15,0,18400000,24020003,5,150,0,0,102,450,2008,0,0,0,0,0,31,98,51,160,51,160
636,3,8,16,0,20600000,24020004,5,70,0,0,102,556,2009,0,0,0,0,0,36,112,59,183,59,183
637,3,8,17,0,23000000,24020004,5,80,0,0,102,674,2009,0,0,0,0,0,41,127,66,207,66,207
638,3,8,18,0,25600000,24020004,5,90,0,0,102,804,2009,0,0,0,0,0,46,143,75,233,75,233
639,3,8,19,0,28400000,24020004,5,105,0,0,102,946,2009,0,0,0,0,0,51,159,83,261,83,261
640,3,8,20,0,30000000,24020004,5,135,0,0,102,1100,2009,0,0,0,0,0,57,177,93,290,93,290
641,3,13,1,10000,200000,24020001,5,0,101,0,102,2000,2006,0,0,1,0,1,0,1,0,2,0,2
642,3,13,2,9400,400000,24020001,5,0,101,10000,102,5000,2006,9,1,2,1,2,1,2,1,3,1,3
643,3,13,3,8900,1000000,24020001,5,0,101,20000,102,10000,2006,28,1,4,1,4,1,4,2,6,2,6
644,3,13,4,8400,1600000,24020001,5,0,101,70000,102,30000,2006,84,2,7,2,7,2,7,3,11,3,11
645,3,13,5,7900,3400000,24020001,5,0,101,210000,102,100000,2006,252,3,10,3,10,3,10,5,17,5,17
646,3,13,6,7400,4200000,24020002,5,0,101,630000,102,200000,2007,758,5,15,5,15,5,15,8,24,8,24
647,3,13,7,6900,5200000,24020002,5,0,101,1260000,102,400000,2007,1517,7,20,7,20,7,20,11,34,11,34
648,3,13,8,6400,6200000,24020002,5,0,101,2520000,101,600000,2007,3034,9,27,9,27,9,27,14,44,14,44
649,3,13,9,5900,7400000,24020002,5,0,102,151,101,60,2007,6069,11,34,11,34,11,34,18,55,18,55
650,3,13,10,5400,8600000,24020002,5,0,102,227,101,90,2007,9104,13,42,13,42,13,42,22,69,22,69
651,3,13,11,0,10200000,24020003,1,60,0,0,101,136,2008,0,16,51,16,51,16,51,27,84,27,84
652,3,13,12,0,12000000,24020003,3,75,0,0,101,204,2008,0,20,61,20,61,20,61,32,101,32,101
653,3,13,13,0,14000000,24020003,6,95,0,0,101,274,2008,0,23,73,23,73,23,73,38,119,38,119
654,3,13,14,0,16200000,24020003,10,120,0,0,101,356,2008,0,27,85,27,85,27,85,44,139,44,139
655,3,13,15,0,18400000,24020003,15,150,0,0,101,450,2008,0,31,98,31,98,31,98,51,160,51,160
656,3,13,16,0,20600000,24020004,5,70,0,0,102,556,2009,0,36,112,36,112,36,112,59,183,59,183
657,3,13,17,0,23000000,24020004,5,80,0,0,102,674,2009,0,41,127,41,127,41,127,66,207,66,207
658,3,13,18,0,25600000,24020004,5,90,0,0,102,804,2009,0,46,143,46,143,46,143,75,233,75,233
659,3,13,19,0,28400000,24020004,5,105,0,0,102,946,2009,0,51,159,51,159,51,159,83,261,83,261
660,3,13,20,0,30000000,24020004,5,135,0,0,102,1100,2009,0,57,177,57,177,57,177,93,290,93,290
661,3,14,1,10000,200000,24020001,5,0,101,0,102,2000,2006,0,0,1,0,1,0,1,0,2,0,2
662,3,14,2,9400,400000,24020001,5,0,101,10000,102,5000,2006,9,1,2,1,2,1,2,1,3,1,3
663,3,14,3,8900,1000000,24020001,5,0,101,20000,102,10000,2006,28,1,4,1,4,1,4,2,6,2,6
664,3,14,4,8400,1600000,24020001,5,0,101,70000,102,30000,2006,84,2,7,2,7,2,7,3,11,3,11
665,3,14,5,7900,3400000,24020001,5,0,101,210000,102,100000,2006,252,3,10,3,10,3,10,5,17,5,17
666,3,14,6,7400,4200000,24020002,5,0,101,630000,102,200000,2007,758,5,15,5,15,5,15,8,24,8,24
667,3,14,7,6900,5200000,24020002,5,0,101,1260000,102,400000,2007,1517,7,20,7,20,7,20,11,34,11,34
668,3,14,8,6400,6200000,24020002,5,0,101,2520000,101,600000,2007,3034,9,27,9,27,9,27,14,44,14,44
669,3,14,9,5900,7400000,24020002,5,0,102,151,101,60,2007,6069,11,34,11,34,11,34,18,55,18,55
670,3,14,10,5400,8600000,24020002,5,0,102,227,101,90,2007,9104,13,42,13,42,13,42,22,69,22,69
671,3,14,11,0,10200000,24020003,1,60,0,0,101,136,2008,0,16,51,16,51,16,51,27,84,27,84
672,3,14,12,0,12000000,24020003,3,75,0,0,101,204,2008,0,20,61,20,61,20,61,32,101,32,101
673,3,14,13,0,14000000,24020003,6,95,0,0,101,274,2008,0,23,73,23,73,23,73,38,119,38,119
674,3,14,14,0,16200000,24020003,10,120,0,0,101,356,2008,0,27,85,27,85,27,85,44,139,44,139
675,3,14,15,0,18400000,24020003,15,150,0,0,101,450,2008,0,31,98,31,98,31,98,51,160,51,160
676,3,14,16,0,20600000,24020004,5,70,0,0,102,556,2009,0,36,112,36,112,36,112,59,183,59,183
677,3,14,17,0,23000000,24020004,5,80,0,0,102,674,2009,0,41,127,41,127,41,127,66,207,66,207
678,3,14,18,0,25600000,24020004,5,90,0,0,102,804,2009,0,46,143,46,143,46,143,75,233,75,233
679,3,14,19,0,28400000,24020004,5,105,0,0,102,946,2009,0,51,159,51,159,51,159,83,261,83,261
680,3,14,20,0,30000000,24020004,5,135,0,0,102,1100,2009,0,57,177,57,177,57,177,93,290,93,290
681,3,17,1,10000,200000,24020001,5,0,101,0,102,2000,2006,0,0,1,0,1,0,1,0,2,0,2
682,3,17,2,9400,400000,24020001,5,0,101,10000,102,5000,2006,9,1,2,1,2,1,2,1,3,1,3
683,3,17,3,8900,1000000,24020001,5,0,101,20000,102,10000,2006,28,1,4,1,4,1,4,2,6,2,6
684,3,17,4,8400,1600000,24020001,5,0,101,70000,102,30000,2006,84,2,7,2,7,2,7,3,11,3,11
685,3,17,5,7900,3400000,24020001,5,0,101,210000,102,100000,2006,252,3,10,3,10,3,10,5,17,5,17
686,3,17,6,7400,4200000,24020002,5,0,101,630000,102,200000,2007,758,5,15,5,15,5,15,8,24,8,24
687,3,17,7,6900,5200000,24020002,5,0,101,1260000,102,400000,2007,1517,7,20,7,20,7,20,11,34,11,34
688,3,17,8,6400,6200000,24020002,5,0,101,2520000,101,600000,2007,3034,9,27,9,27,9,27,14,44,14,44
689,3,17,9,5900,7400000,24020002,5,0,102,151,101,60,2007,6069,11,34,11,34,11,34,18,55,18,55
690,3,17,10,5400,8600000,24020002,5,0,102,227,101,90,2007,9104,13,42,13,42,13,42,22,69,22,69
691,3,17,11,0,10200000,24020003,1,60,0,0,101,136,2008,0,16,51,16,51,16,51,27,84,27,84
692,3,17,12,0,12000000,24020003,3,75,0,0,101,204,2008,0,20,61,20,61,20,61,32,101,32,101
693,3,17,13,0,14000000,24020003,6,95,0,0,101,274,2008,0,23,73,23,73,23,73,38,119,38,119
694,3,17,14,0,16200000,24020003,10,120,0,0,101,356,2008,0,27,85,27,85,27,85,44,139,44,139
695,3,17,15,0,18400000,24020003,15,150,0,0,101,450,2008,0,31,98,31,98,31,98,51,160,51,160
696,3,17,16,0,20600000,24020004,5,70,0,0,102,556,2009,0,36,112,36,112,36,112,59,183,59,183
697,3,17,17,0,23000000,24020004,5,80,0,0,102,674,2009,0,41,127,41,127,41,127,66,207,66,207
698,3,17,18,0,25600000,24020004,5,90,0,0,102,804,2009,0,46,143,46,143,46,143,75,233,75,233
699,3,17,19,0,28400000,24020004,5,105,0,0,102,946,2009,0,51,159,51,159,51,159,83,261,83,261
700,3,17,20,0,30000000,24020004,5,135,0,0,102,1100,2009,0,57,177,57,177,57,177,93,290,93,290
701,3,18,1,10000,200000,24020001,5,0,101,0,102,2000,2006,0,1,2,1,2,1,2,0,0,0,0
702,3,18,2,9400,400000,24020001,5,0,101,10000,102,5000,2006,9,1,3,1,3,1,3,0,0,0,0
703,3,18,3,8900,1000000,24020001,5,0,101,20000,102,10000,2006,28,2,7,2,7,2,7,0,0,0,0
704,3,18,4,8400,1600000,24020001,5,0,101,70000,102,30000,2006,84,4,12,4,12,4,12,0,0,0,0
705,3,18,5,7900,3400000,24020001,5,0,101,210000,102,100000,2006,252,6,19,6,19,6,19,0,0,0,0
706,3,18,6,7400,4200000,24020002,1,0,101,630000,102,200000,2007,758,9,28,9,28,9,28,0,0,0,0
707,3,18,7,6900,5200000,24020002,3,0,101,1260000,102,400000,2007,1517,12,38,12,38,12,38,0,0,0,0
708,3,18,8,6400,6200000,24020002,6,0,101,2520000,101,600000,2007,3034,16,51,16,51,16,51,0,0,0,0
709,3,18,9,5900,7400000,24020002,10,0,102,151,101,60,2007,6069,20,63,20,63,20,63,0,0,0,0
710,3,18,10,5400,8600000,24020002,15,0,102,227,101,90,2007,9104,25,79,25,79,25,79,0,0,0,0
711,3,18,11,0,10200000,24020003,5,60,0,0,101,136,2008,0,31,96,31,96,31,96,0,0,0,0
712,3,18,12,0,12000000,24020003,5,75,0,0,101,204,2008,0,37,115,37,115,37,115,0,0,0,0
713,3,18,13,0,14000000,24020003,5,95,0,0,101,274,2008,0,44,136,44,136,44,136,0,0,0,0
714,3,18,14,0,16200000,24020003,5,120,0,0,101,356,2008,0,51,159,51,159,51,159,0,0,0,0
715,3,18,15,0,18400000,24020003,5,150,0,0,101,450,2008,0,59,183,59,183,59,183,0,0,0,0
716,3,18,16,0,20600000,24020004,5,70,0,0,102,556,2009,0,67,210,67,210,67,210,0,0,0,0
717,3,18,17,0,23000000,24020004,5,80,0,0,102,674,2009,0,76,238,76,238,76,238,0,0,0,0
718,3,18,18,0,25600000,24020004,5,90,0,0,102,804,2009,0,86,267,86,267,86,267,0,0,0,0
719,3,18,19,0,28400000,24020004,5,105,0,0,102,946,2009,0,96,299,96,299,96,299,0,0,0,0
720,3,18,20,0,30000000,24020004,5,135,0,0,102,1100,2009,0,106,332,106,332,106,332,0,0,0,0
721,0,1,1,10000,200000,24020001,1,0,101,0,101,2000,2006,0,1,2,1,2,1,2,0,0,0,0
722,0,1,2,9400,400000,24020001,3,0,101,10000,101,5000,2006,9,1,3,1,3,1,3,0,0,0,0
723,0,1,3,8900,1000000,24020001,6,0,101,20000,101,10000,2006,28,2,7,2,7,2,7,0,0,0,0
724,0,1,4,8400,1600000,24020001,10,0,101,70000,101,30000,2006,84,4,12,4,12,4,12,0,0,0,0
725,0,1,5,7900,3400000,24020001,15,0,101,210000,101,100000,2006,252,6,19,6,19,6,19,0,0,0,0
726,0,1,6,7400,4200000,24020002,5,0,101,630000,101,200000,2007,758,9,28,9,28,9,28,0,0,0,0
727,0,1,7,6900,5200000,24020002,5,0,101,1260000,101,400000,2007,1517,12,38,12,38,12,38,0,0,0,0
728,0,1,8,6400,6200000,24020002,5,0,101,2520000,101,600000,2007,3034,16,51,16,51,16,51,0,0,0,0
729,0,1,9,5900,7400000,24020002,5,0,102,151,102,60,2007,6069,20,63,20,63,20,63,0,0,0,0
730,0,1,10,5400,8600000,24020002,5,0,102,227,102,90,2007,9104,25,79,25,79,25,79,0,0,0,0
731,0,1,11,0,10200000,24020003,5,60,0,0,102,136,2008,0,31,96,31,96,31,96,0,0,0,0
732,0,1,12,0,12000000,24020003,5,75,0,0,102,204,2008,0,37,115,37,115,37,115,0,0,0,0
733,0,1,13,0,14000000,24020003,5,95,0,0,102,274,2008,0,44,136,44,136,44,136,0,0,0,0
734,0,1,14,0,16200000,24020003,5,120,0,0,102,356,2008,0,51,159,51,159,51,159,0,0,0,0
735,0,1,15,0,18400000,24020003,5,150,0,0,102,450,2008,0,59,183,59,183,59,183,0,0,0,0
736,0,1,16,0,20600000,24020004,1,70,0,0,102,556,2009,0,67,210,67,210,67,210,0,0,0,0
737,0,1,17,0,23000000,24020004,3,80,0,0,102,674,2009,0,76,238,76,238,76,238,0,0,0,0
738,0,1,18,0,25600000,24020004,6,90,0,0,102,804,2009,0,86,267,86,267,86,267,0,0,0,0
739,0,1,19,0,28400000,24020004,10,105,0,0,102,946,2009,0,96,299,96,299,96,299,0,0,0,0
740,0,1,20,0,30000000,24020004,15,135,0,0,102,1100,2009,0,106,332,106,332,106,332,0,0,0,0
741,0,2,1,10000,200000,24020001,5,0,101,0,102,2000,2006,0,0,1,0,1,0,1,0,2,0,2
742,0,2,2,9400,400000,24020001,5,0,101,10000,101,5000,2006,9,1,2,1,2,1,2,1,3,1,3
743,0,2,3,8900,1000000,24020001,5,0,101,20000,101,10000,2006,28,1,4,1,4,1,4,2,6,2,6
744,0,2,4,8400,1600000,24020001,5,0,101,70000,101,30000,2006,84,2,7,2,7,2,7,3,11,3,11
745,0,2,5,7900,3400000,24020001,5,0,101,210000,101,100000,2006,252,3,10,3,10,3,10,5,17,5,17
746,0,2,6,7400,4200000,24020002,5,0,101,630000,101,200000,2007,758,5,15,5,15,5,15,8,24,8,24
747,0,2,7,6900,5200000,24020002,5,0,101,1260000,101,400000,2007,1517,7,20,7,20,7,20,11,34,11,34
748,0,2,8,6400,6200000,24020002,5,0,101,2520000,101,600000,2007,3034,9,27,9,27,9,27,14,44,14,44
749,0,2,9,5900,7400000,24020002,5,0,102,151,101,60,2007,6069,11,34,11,34,11,34,18,55,18,55
750,0,2,10,5400,8600000,24020002,5,0,102,227,102,90,2007,9104,13,42,13,42,13,42,22,69,22,69
751,0,2,11,0,10200000,24020003,1,60,0,0,102,136,2008,0,16,51,16,51,16,51,27,84,27,84
752,0,2,12,0,12000000,24020003,3,75,0,0,102,204,2008,0,20,61,20,61,20,61,32,101,32,101
753,0,2,13,0,14000000,24020003,6,95,0,0,102,274,2008,0,23,73,23,73,23,73,38,119,38,119
754,0,2,14,0,16200000,24020003,10,120,0,0,102,356,2008,0,27,85,27,85,27,85,44,139,44,139
755,0,2,15,0,18400000,24020003,15,150,0,0,102,450,2008,0,31,98,31,98,31,98,51,160,51,160
756,0,2,16,0,20600000,24020004,5,70,0,0,102,556,2009,0,36,112,36,112,36,112,59,183,59,183
757,0,2,17,0,23000000,24020004,5,80,0,0,102,674,2009,0,41,127,41,127,41,127,66,207,66,207
758,0,2,18,0,25600000,24020004,5,90,0,0,102,804,2009,0,46,143,46,143,46,143,75,233,75,233
759,0,2,19,0,28400000,24020004,5,105,0,0,102,946,2009,0,51,159,51,159,51,159,83,261,83,261
760,0,2,20,0,30000000,24020004,5,135,0,0,102,1100,2009,0,57,177,57,177,57,177,93,290,93,290
761,0,3,1,10000,200000,24020001,5,0,101,0,102,2000,2006,0,0,1,0,1,0,1,0,2,0,2
762,0,3,2,9400,400000,24020001,5,0,101,10000,102,5000,2006,9,1,2,1,2,1,2,1,3,1,3
763,0,3,3,8900,1000000,24020001,5,0,101,20000,101,10000,2006,28,1,4,1,4,1,4,2,6,2,6
764,0,3,4,8400,1600000,24020001,5,0,101,70000,101,30000,2006,84,2,7,2,7,2,7,3,11,3,11
765,0,3,5,7900,3400000,24020001,5,0,101,210000,101,100000,2006,252,3,10,3,10,3,10,5,17,5,17
766,0,3,6,7400,4200000,24020002,1,0,101,630000,101,200000,2007,758,5,15,5,15,5,15,8,24,8,24
767,0,3,7,6900,5200000,24020002,3,0,101,1260000,101,400000,2007,1517,7,20,7,20,7,20,11,34,11,34
768,0,3,8,6400,6200000,24020002,6,0,101,2520000,101,600000,2007,3034,9,27,9,27,9,27,14,44,14,44
769,0,3,9,5900,7400000,24020002,10,0,102,151,101,60,2007,6069,11,34,11,34,11,34,18,55,18,55
770,0,3,10,5400,8600000,24020002,15,0,102,227,101,90,2007,9104,13,42,13,42,13,42,22,69,22,69
771,0,3,11,0,10200000,24020003,5,60,0,0,102,136,2008,0,16,51,16,51,16,51,27,84,27,84
772,0,3,12,0,12000000,24020003,5,75,0,0,102,204,2008,0,20,61,20,61,20,61,32,101,32,101
773,0,3,13,0,14000000,24020003,5,95,0,0,102,274,2008,0,23,73,23,73,23,73,38,119,38,119
774,0,3,14,0,16200000,24020003,5,120,0,0,102,356,2008,0,27,85,27,85,27,85,44,139,44,139
775,0,3,15,0,18400000,24020003,5,150,0,0,102,450,2008,0,31,98,31,98,31,98,51,160,51,160
776,0,3,16,0,20600000,24020004,5,70,0,0,102,556,2009,0,36,112,36,112,36,112,59,183,59,183
777,0,3,17,0,23000000,24020004,5,80,0,0,102,674,2009,0,41,127,41,127,41,127,66,207,66,207
778,0,3,18,0,25600000,24020004,5,90,0,0,102,804,2009,0,46,143,46,143,46,143,75,233,75,233
779,0,3,19,0,28400000,24020004,5,105,0,0,102,946,2009,0,51,159,51,159,51,159,83,261,83,261
780,0,3,20,0,30000000,24020004,5,135,0,0,102,1100,2009,0,57,177,57,177,57,177,93,290,93,290
781,0,4,1,10000,200000,24020001,1,0,101,0,102,2000,2006,0,1,2,1,2,1,2,0,0,0,0
782,0,4,2,9400,400000,24020001,3,0,101,10000,102,5000,2006,9,1,3,1,3,1,3,0,0,0,0
783,0,4,3,8900,1000000,24020001,6,0,101,20000,102,10000,2006,28,2,7,2,7,2,7,0,0,0,0
784,0,4,4,8400,1600000,24020001,10,0,101,70000,101,30000,2006,84,4,12,4,12,4,12,0,0,0,0
785,0,4,5,7900,3400000,24020001,15,0,101,210000,101,100000,2006,252,6,19,6,19,6,19,0,0,0,0
786,0,4,6,7400,4200000,24020002,5,0,101,630000,101,200000,2007,758,9,28,9,28,9,28,0,0,0,0
787,0,4,7,6900,5200000,24020002,5,0,101,1260000,101,400000,2007,1517,12,38,12,38,12,38,0,0,0,0
788,0,4,8,6400,6200000,24020002,5,0,101,2520000,101,600000,2007,3034,16,51,16,51,16,51,0,0,0,0
789,0,4,9,5900,7400000,24020002,5,0,102,151,101,60,2007,6069,20,63,20,63,20,63,0,0,0,0
790,0,4,10,5400,8600000,24020002,5,0,102,227,101,90,2007,9104,25,79,25,79,25,79,0,0,0,0
791,0,4,11,0,10200000,24020003,5,60,0,0,101,136,2008,0,31,96,31,96,31,96,0,0,0,0
792,0,4,12,0,12000000,24020003,5,75,0,0,102,204,2008,0,37,115,37,115,37,115,0,0,0,0
793,0,4,13,0,14000000,24020003,5,95,0,0,102,274,2008,0,44,136,44,136,44,136,0,0,0,0
794,0,4,14,0,16200000,24020003,5,120,0,0,102,356,2008,0,51,159,51,159,51,159,0,0,0,0
795,0,4,15,0,18400000,24020003,5,150,0,0,102,450,2008,0,59,183,59,183,59,183,0,0,0,0
796,0,4,16,0,20600000,24020004,1,70,0,0,102,556,2009,0,67,210,67,210,67,210,0,0,0,0
797,0,4,17,0,23000000,24020004,3,80,0,0,102,674,2009,0,76,238,76,238,76,238,0,0,0,0
798,0,4,18,0,25600000,24020004,6,90,0,0,102,804,2009,0,86,267,86,267,86,267,0,0,0,0
799,0,4,19,0,28400000,24020004,10,105,0,0,102,946,2009,0,96,299,96,299,96,299,0,0,0,0
800,0,4,20,0,30000000,24020004,15,135,0,0,102,1100,2009,0,106,332,106,332,106,332,0,0,0,0
801,0,5,1,10000,200000,24020001,5,0,101,0,102,2000,2006,0,0,1,0,1,0,1,0,2,0,2
802,0,5,2,9400,400000,24020001,5,0,101,10000,102,5000,2006,9,1,2,1,2,1,2,1,3,1,3
803,0,5,3,8900,1000000,24020001,5,0,101,20000,102,10000,2006,28,1,4,1,4,1,4,2,6,2,6
804,0,5,4,8400,1600000,24020001,5,0,101,70000,102,30000,2006,84,2,7,2,7,2,7,3,11,3,11
805,0,5,5,7900,3400000,24020001,5,0,101,210000,101,100000,2006,252,3,10,3,10,3,10,5,17,5,17
806,0,5,6,7400,4200000,24020002,5,0,101,630000,101,200000,2007,758,5,15,5,15,5,15,8,24,8,24
807,0,5,7,6900,5200000,24020002,5,0,101,1260000,101,400000,2007,1517,7,20,7,20,7,20,11,34,11,34
808,0,5,8,6400,6200000,24020002,5,0,101,2520000,101,600000,2007,3034,9,27,9,27,9,27,14,44,14,44
809,0,5,9,5900,7400000,24020002,5,0,102,151,101,60,2007,6069,11,34,11,34,11,34,18,55,18,55
810,0,5,10,5400,8600000,24020002,5,0,102,227,101,90,2007,9104,13,42,13,42,13,42,22,69,22,69
811,0,5,11,0,10200000,24020003,1,60,0,0,101,136,2008,0,16,51,16,51,16,51,27,84,27,84
812,0,5,12,0,12000000,24020003,3,75,0,0,101,204,2008,0,20,61,20,61,20,61,32,101,32,101
813,0,5,13,0,14000000,24020003,6,95,0,0,102,274,2008,0,23,73,23,73,23,73,38,119,38,119
814,0,5,14,0,16200000,24020003,10,120,0,0,102,356,2008,0,27,85,27,85,27,85,44,139,44,139
815,0,5,15,0,18400000,24020003,15,150,0,0,102,450,2008,0,31,98,31,98,31,98,51,160,51,160
816,0,5,16,0,20600000,24020004,5,70,0,0,102,556,2009,0,36,112,36,112,36,112,59,183,59,183
817,0,5,17,0,23000000,24020004,5,80,0,0,102,674,2009,0,41,127,41,127,41,127,66,207,66,207
818,0,5,18,0,25600000,24020004,5,90,0,0,102,804,2009,0,46,143,46,143,46,143,75,233,75,233
819,0,5,19,0,28400000,24020004,5,105,0,0,102,946,2009,0,51,159,51,159,51,159,83,261,83,261
820,0,5,20,0,30000000,24020004,5,135,0,0,102,1100,2009,0,57,177,57,177,57,177,93,290,93,290
821,0,6,1,10000,200000,24020001,5,0,101,0,102,2000,2006,0,1,2,1,2,1,2,0,0,0,0
822,0,6,2,9400,400000,24020001,5,0,101,10000,102,5000,2006,9,1,3,1,3,1,3,0,0,0,0
823,0,6,3,8900,1000000,24020001,5,0,101,20000,102,10000,2006,28,2,7,2,7,2,7,0,0,0,0
824,0,6,4,8400,1600000,24020001,5,0,101,70000,102,30000,2006,84,4,12,4,12,4,12,0,0,0,0
825,0,6,5,7900,3400000,24020001,5,0,101,210000,102,100000,2006,252,6,19,6,19,6,19,0,0,0,0
826,0,6,6,7400,4200000,24020002,1,0,101,630000,101,200000,2007,758,9,28,9,28,9,28,0,0,0,0
827,0,6,7,6900,5200000,24020002,3,0,101,1260000,101,400000,2007,1517,12,38,12,38,12,38,0,0,0,0
828,0,6,8,6400,6200000,24020002,6,0,101,2520000,101,600000,2007,3034,16,51,16,51,16,51,0,0,0,0
829,0,6,9,5900,7400000,24020002,10,0,102,151,101,60,2007,6069,20,63,20,63,20,63,0,0,0,0
830,0,6,10,5400,8600000,24020002,15,0,102,227,101,90,2007,9104,25,79,25,79,25,79,0,0,0,0
831,0,6,11,0,10200000,24020003,5,60,0,0,101,136,2008,0,31,96,31,96,31,96,0,0,0,0
832,0,6,12,0,12000000,24020003,5,75,0,0,101,204,2008,0,37,115,37,115,37,115,0,0,0,0
833,0,6,13,0,14000000,24020003,5,95,0,0,101,274,2008,0,44,136,44,136,44,136,0,0,0,0
834,0,6,14,0,16200000,24020003,5,120,0,0,102,356,2008,0,51,159,51,159,51,159,0,0,0,0
835,0,6,15,0,18400000,24020003,5,150,0,0,102,450,2008,0,59,183,59,183,59,183,0,0,0,0
836,0,6,16,0,20600000,24020004,5,70,0,0,102,556,2009,0,67,210,67,210,67,210,0,0,0,0
837,0,6,17,0,23000000,24020004,5,80,0,0,102,674,2009,0,76,238,76,238,76,238,0,0,0,0
838,0,6,18,0,25600000,24020004,5,90,0,0,102,804,2009,0,86,267,86,267,86,267,0,0,0,0
839,0,6,19,0,28400000,24020004,5,105,0,0,102,946,2009,0,96,299,96,299,96,299,0,0,0,0
840,0,6,20,0,30000000,24020004,5,135,0,0,102,1100,2009,0,106,332,106,332,106,332,0,0,0,0
841,0,7,1,10000,200000,24020001,1,0,101,0,102,2000,2006,0,0,1,0,1,0,1,0,2,0,2
842,0,7,2,9400,400000,24020001,3,0,101,10000,102,5000,2006,9,1,2,1,2,1,2,1,3,1,3
843,0,7,3,8900,1000000,24020001,6,0,101,20000,102,10000,2006,28,1,4,1,4,1,4,2,6,2,6
844,0,7,4,8400,1600000,24020001,10,0,101,70000,102,30000,2006,84,2,7,2,7,2,7,3,11,3,11
845,0,7,5,7900,3400000,24020001,15,0,101,210000,102,100000,2006,252,3,10,3,10,3,10,5,17,5,17
846,0,7,6,7400,4200000,24020002,5,0,101,630000,102,200000,2007,758,5,15,5,15,5,15,8,24,8,24
847,0,7,7,6900,5200000,24020002,5,0,101,1260000,101,400000,2007,1517,7,20,7,20,7,20,11,34,11,34
848,0,7,8,6400,6200000,24020002,5,0,101,2520000,101,600000,2007,3034,9,27,9,27,9,27,14,44,14,44
849,0,7,9,5900,7400000,24020002,5,0,102,151,101,60,2007,6069,11,34,11,34,11,34,18,55,18,55
850,0,7,10,5400,8600000,24020002,5,0,102,227,101,90,2007,9104,13,42,13,42,13,42,22,69,22,69
851,0,7,11,0,10200000,24020003,5,60,0,0,101,136,2008,0,16,51,16,51,16,51,27,84,27,84
852,0,7,12,0,12000000,24020003,5,75,0,0,101,204,2008,0,20,61,20,61,20,61,32,101,32,101
853,0,7,13,0,14000000,24020003,5,95,0,0,101,274,2008,0,23,73,23,73,23,73,38,119,38,119
854,0,7,14,0,16200000,24020003,5,120,0,0,101,356,2008,0,27,85,27,85,27,85,44,139,44,139
855,0,7,15,0,18400000,24020003,5,150,0,0,102,450,2008,0,31,98,31,98,31,98,51,160,51,160
856,0,7,16,0,20600000,24020004,1,70,0,0,102,556,2009,0,36,112,36,112,36,112,59,183,59,183
857,0,7,17,0,23000000,24020004,3,80,0,0,102,674,2009,0,41,127,41,127,41,127,66,207,66,207
858,0,7,18,0,25600000,24020004,6,90,0,0,102,804,2009,0,46,143,46,143,46,143,75,233,75,233
859,0,7,19,0,28400000,24020004,10,105,0,0,102,946,2009,0,51,159,51,159,51,159,83,261,83,261
860,0,7,20,0,30000000,24020004,15,135,0,0,102,1100,2009,0,57,177,57,177,57,177,93,290,93,290
861,0,8,1,10000,200000,24020001,5,0,101,0,102,2000,2006,0,0,1,0,1,0,1,0,2,0,2
862,0,8,2,9400,400000,24020001,5,0,101,10000,102,5000,2006,9,1,2,1,2,1,2,1,3,1,3
863,0,8,3,8900,1000000,24020001,5,0,101,20000,102,10000,2006,28,1,4,1,4,1,4,2,6,2,6
864,0,8,4,8400,1600000,24020001,5,0,101,70000,102,30000,2006,84,2,7,2,7,2,7,3,11,3,11
865,0,8,5,7900,3400000,24020001,5,0,101,210000,102,100000,2006,252,3,10,3,10,3,10,5,17,5,17
866,0,8,6,7400,4200000,24020002,5,0,101,630000,102,200000,2007,758,5,15,5,15,5,15,8,24,8,24
867,0,8,7,6900,5200000,24020002,5,0,101,1260000,102,400000,2007,1517,7,20,7,20,7,20,11,34,11,34
868,0,8,8,6400,6200000,24020002,5,0,101,2520000,101,600000,2007,3034,9,27,9,27,9,27,14,44,14,44
869,0,8,9,5900,7400000,24020002,5,0,102,151,101,60,2007,6069,11,34,11,34,11,34,18,55,18,55
870,0,8,10,5400,8600000,24020002,5,0,102,227,101,90,2007,9104,13,42,13,42,13,42,22,69,22,69
871,0,8,11,0,10200000,24020003,1,60,0,0,101,136,2008,0,16,51,16,51,16,51,27,84,27,84
872,0,8,12,0,12000000,24020003,3,75,0,0,101,204,2008,0,20,61,20,61,20,61,32,101,32,101
873,0,8,13,0,14000000,24020003,6,95,0,0,101,274,2008,0,23,73,23,73,23,73,38,119,38,119
874,0,8,14,0,16200000,24020003,10,120,0,0,101,356,2008,0,27,85,27,85,27,85,44,139,44,139
875,0,8,15,0,18400000,24020003,15,150,0,0,101,450,2008,0,31,98,31,98,31,98,51,160,51,160
876,0,8,16,0,20600000,24020004,5,70,0,0,102,556,2009,0,36,112,36,112,36,112,59,183,59,183
877,0,8,17,0,23000000,24020004,5,80,0,0,102,674,2009,0,41,127,41,127,41,127,66,207,66,207
878,0,8,18,0,25600000,24020004,5,90,0,0,102,804,2009,0,46,143,46,143,46,143,75,233,75,233
879,0,8,19,0,28400000,24020004,5,105,0,0,102,946,2009,0,51,159,51,159,51,159,83,261,83,261
880,0,8,20,0,30000000,24020004,5,135,0,0,102,1100,2009,0,57,177,57,177,57,177,93,290,93,290
881,0,12,1,10000,200000,24020001,5,0,101,0,102,2000,2006,0,0,0,0,0,0,0,1,2,1,2
882,0,12,2,9400,400000,24020001,5,0,101,10000,102,5000,2006,9,0,0,0,0,0,0,1,4,1,4
883,0,12,3,8900,1000000,24020001,5,0,101,20000,102,10000,2006,28,0,0,0,0,0,0,3,8,3,8
884,0,12,4,8400,1600000,24020001,5,0,101,70000,102,30000,2006,84,0,0,0,0,0,0,5,14,5,14
885,0,12,5,7900,3400000,24020001,5,0,101,210000,102,100000,2006,252,0,0,0,0,0,0,7,23,7,23
886,0,12,6,7400,4200000,24020002,1,0,101,630000,102,200000,2007,758,0,0,0,0,0,0,11,33,11,33
887,0,12,7,6900,5200000,24020002,3,0,101,1260000,102,400000,2007,1517,0,0,0,0,0,0,14,45,14,45
888,0,12,8,6400,6200000,24020002,6,0,101,2520000,101,600000,2007,3034,0,0,0,0,0,0,19,60,19,60
889,0,12,9,5900,7400000,24020002,10,0,102,151,101,60,2007,6069,0,0,0,0,0,0,24,74,24,74
890,0,12,10,5400,8600000,24020002,15,0,102,227,101,90,2007,9104,0,0,0,0,0,0,30,93,30,93
891,0,12,11,0,10200000,24020003,5,60,0,0,101,136,2008,0,0,0,0,0,0,0,36,113,36,113
892,0,12,12,0,12000000,24020003,5,75,0,0,101,204,2008,0,0,0,0,0,0,0,43,136,43,136
893,0,12,13,0,14000000,24020003,5,95,0,0,101,274,2008,0,0,0,0,0,0,0,51,160,51,160
894,0,12,14,0,16200000,24020003,5,120,0,0,101,356,2008,0,0,0,0,0,0,0,60,187,60,187
895,0,12,15,0,18400000,24020003,5,150,0,0,101,450,2008,0,0,0,0,0,0,0,69,216,69,216
896,0,12,16,0,20600000,24020004,5,70,0,0,102,556,2009,0,0,0,0,0,0,0,79,247,79,247
897,0,12,17,0,23000000,24020004,5,80,0,0,102,674,2009,0,0,0,0,0,0,0,90,280,90,280
898,0,12,18,0,25600000,24020004,5,90,0,0,102,804,2009,0,0,0,0,0,0,0,101,315,101,315
899,0,12,19,0,28400000,24020004,5,105,0,0,102,946,2009,0,0,0,0,0,0,0,113,352,113,352
900,0,12,20,0,30000000,24020004,5,135,0,0,102,1100,2009,0,0,0,0,0,0,0,125,391,125,391
901,0,15,1,10000,200000,24020001,1,0,101,0,102,2000,2006,0,1,2,1,2,1,2,0,0,0,0
902,0,15,2,9400,400000,24020001,3,0,101,10000,102,5000,2006,9,1,3,1,3,1,3,0,0,0,0
903,0,15,3,8900,1000000,24020001,6,0,101,20000,102,10000,2006,28,2,7,2,7,2,7,0,0,0,0
904,0,15,4,8400,1600000,24020001,10,0,101,70000,102,30000,2006,84,4,12,4,12,4,12,0,0,0,0
905,0,15,5,7900,3400000,24020001,15,0,101,210000,102,100000,2006,252,6,19,6,19,6,19,0,0,0,0
906,0,15,6,7400,4200000,24020002,5,0,101,630000,102,200000,2007,758,9,28,9,28,9,28,0,0,0,0
907,0,15,7,6900,5200000,24020002,5,0,101,1260000,102,400000,2007,1517,12,38,12,38,12,38,0,0,0,0
908,0,15,8,6400,6200000,24020002,5,0,101,2520000,101,600000,2007,3034,16,51,16,51,16,51,0,0,0,0
909,0,15,9,5900,7400000,24020002,5,0,102,151,101,60,2007,6069,20,63,20,63,20,63,0,0,0,0
910,0,15,10,5400,8600000,24020002,5,0,102,227,101,90,2007,9104,25,79,25,79,25,79,0,0,0,0
911,0,15,11,0,10200000,24020003,5,60,0,0,101,136,2008,0,31,96,31,96,31,96,0,0,0,0
912,0,15,12,0,12000000,24020003,5,75,0,0,101,204,2008,0,37,115,37,115,37,115,0,0,0,0
913,0,15,13,0,14000000,24020003,5,95,0,0,101,274,2008,0,44,136,44,136,44,136,0,0,0,0
914,0,15,14,0,16200000,24020003,5,120,0,0,101,356,2008,0,51,159,51,159,51,159,0,0,0,0
915,0,15,15,0,18400000,24020003,5,150,0,0,101,450,2008,0,59,183,59,183,59,183,0,0,0,0
916,0,15,16,0,20600000,24020004,1,70,0,0,102,556,2009,0,67,210,67,210,67,210,0,0,0,0
917,0,15,17,0,23000000,24020004,3,80,0,0,102,674,2009,0,76,238,76,238,76,238,0,0,0,0
918,0,15,18,0,25600000,24020004,6,90,0,0,102,804,2009,0,86,267,86,267,86,267,0,0,0,0
919,0,15,19,0,28400000,24020004,10,105,0,0,102,946,2009,0,96,299,96,299,96,299,0,0,0,0
920,0,15,20,0,30000000,24020004,15,135,0,0,102,1100,2009,0,106,332,106,332,106,332,0,0,0,0
921,0,16,1,10000,200000,24020001,5,0,101,0,102,2000,2006,0,1,2,1,2,1,2,0,0,0,0
922,0,16,2,9400,400000,24020001,5,0,101,10000,102,5000,2006,9,1,3,1,3,1,3,0,0,0,0
923,0,16,3,8900,1000000,24020001,5,0,101,20000,102,10000,2006,28,2,7,2,7,2,7,0,0,0,0
924,0,16,4,8400,1600000,24020001,5,0,101,70000,102,30000,2006,84,4,12,4,12,4,12,0,0,0,0
925,0,16,5,7900,3400000,24020001,5,0,101,210000,102,100000,2006,252,6,19,6,19,6,19,0,0,0,0
926,0,16,6,7400,4200000,24020002,5,0,101,630000,102,200000,2007,758,9,28,9,28,9,28,0,0,0,0
927,0,16,7,6900,5200000,24020002,5,0,101,1260000,102,400000,2007,1517,12,38,12,38,12,38,0,0,0,0
928,0,16,8,6400,6200000,24020002,5,0,101,2520000,101,600000,2007,3034,16,51,16,51,16,51,0,0,0,0
929,0,16,9,5900,7400000,24020002,5,0,102,151,101,60,2007,6069,20,63,20,63,20,63,0,0,0,0
930,0,16,10,5400,8600000,24020002,5,0,102,227,101,90,2007,9104,25,79,25,79,25,79,0,0,0,0
931,0,16,11,0,10200000,24020003,1,60,0,0,101,136,2008,0,31,96,31,96,31,96,0,0,0,0
932,0,16,12,0,12000000,24020003,3,75,0,0,101,204,2008,0,37,115,37,115,37,115,0,0,0,0
933,0,16,13,0,14000000,24020003,6,95,0,0,101,274,2008,0,44,136,44,136,44,136,0,0,0,0
934,0,16,14,0,16200000,24020003,10,120,0,0,101,356,2008,0,51,159,51,159,51,159,0,0,0,0
935,0,16,15,0,18400000,24020003,15,150,0,0,101,450,2008,0,59,183,59,183,59,183,0,0,0,0
936,0,16,16,0,20600000,24020004,5,70,0,0,102,556,2009,0,67,210,67,210,67,210,0,0,0,0
937,0,16,17,0,23000000,24020004,5,80,0,0,102,674,2009,0,76,238,76,238,76,238,0,0,0,0
938,0,16,18,0,25600000,24020004,5,90,0,0,102,804,2009,0,86,267,86,267,86,267,0,0,0,0
939,0,16,19,0,28400000,24020004,5,105,0,0,102,946,2009,0,96,299,96,299,96,299,0,0,0,0
940,0,16,20,0,30000000,24020004,5,135,0,0,102,1100,2009,0,106,332,106,332,106,332,0,0,0,0
941,0,13,1,10000,200000,24020001,5,0,101,0,102,2000,2006,0,0,1,0,1,0,1,0,2,0,2
942,0,13,2,9400,400000,24020001,5,0,101,10000,102,5000,2006,9,1,2,1,2,1,2,1,3,1,3
943,0,13,3,8900,1000000,24020001,5,0,101,20000,102,10000,2006,28,1,4,1,4,1,4,2,6,2,6
944,0,13,4,8400,1600000,24020001,5,0,101,70000,102,30000,2006,84,2,7,2,7,2,7,3,11,3,11
945,0,13,5,7900,3400000,24020001,5,0,101,210000,102,100000,2006,252,3,10,3,10,3,10,5,17,5,17
946,0,13,6,7400,4200000,24020002,5,0,101,630000,102,200000,2007,758,5,15,5,15,5,15,8,24,8,24
947,0,13,7,6900,5200000,24020002,5,0,101,1260000,102,400000,2007,1517,7,20,7,20,7,20,11,34,11,34
948,0,13,8,6400,6200000,24020002,5,0,101,2520000,101,600000,2007,3034,9,27,9,27,9,27,14,44,14,44
949,0,13,9,5900,7400000,24020002,5,0,102,151,101,60,2007,6069,11,34,11,34,11,34,18,55,18,55
950,0,13,10,5400,8600000,24020002,5,0,102,227,101,90,2007,9104,13,42,13,42,13,42,22,69,22,69
951,0,13,11,0,10200000,24020003,1,60,0,0,101,136,2008,0,16,51,16,51,16,51,27,84,27,84
952,0,13,12,0,12000000,24020003,3,75,0,0,101,204,2008,0,20,61,20,61,20,61,32,101,32,101
953,0,13,13,0,14000000,24020003,6,95,0,0,101,274,2008,0,23,73,23,73,23,73,38,119,38,119
954,0,13,14,0,16200000,24020003,10,120,0,0,101,356,2008,0,27,85,27,85,27,85,44,139,44,139
955,0,13,15,0,18400000,24020003,15,150,0,0,101,450,2008,0,31,98,31,98,31,98,51,160,51,160
956,0,13,16,0,20600000,24020004,5,70,0,0,102,556,2009,0,36,112,36,112,36,112,59,183,59,183
957,0,13,17,0,23000000,24020004,5,80,0,0,102,674,2009,0,41,127,41,127,41,127,66,207,66,207
958,0,13,18,0,25600000,24020004,5,90,0,0,102,804,2009,0,46,143,46,143,46,143,75,233,75,233
959,0,13,19,0,28400000,24020004,5,105,0,0,102,946,2009,0,51,159,51,159,51,159,83,261,83,261
960,0,13,20,0,30000000,24020004,5,135,0,0,102,1100,2009,0,57,177,57,177,57,177,93,290,93,290
961,0,14,1,10000,200000,24020001,5,0,101,0,102,2000,2006,0,0,1,0,1,0,1,0,2,0,2
962,0,14,2,9400,400000,24020001,5,0,101,10000,102,5000,2006,9,1,2,1,2,1,2,1,3,1,3
963,0,14,3,8900,1000000,24020001,5,0,101,20000,102,10000,2006,28,1,4,1,4,1,4,2,6,2,6
964,0,14,4,8400,1600000,24020001,5,0,101,70000,102,30000,2006,84,2,7,2,7,2,7,3,11,3,11
965,0,14,5,7900,3400000,24020001,5,0,101,210000,102,100000,2006,252,3,10,3,10,3,10,5,17,5,17
966,0,14,6,7400,4200000,24020002,5,0,101,630000,102,200000,2007,758,5,15,5,15,5,15,8,24,8,24
967,0,14,7,6900,5200000,24020002,5,0,101,1260000,102,400000,2007,1517,7,20,7,20,7,20,11,34,11,34
968,0,14,8,6400,6200000,24020002,5,0,101,2520000,101,600000,2007,3034,9,27,9,27,9,27,14,44,14,44
969,0,14,9,5900,7400000,24020002,5,0,102,151,101,60,2007,6069,11,34,11,34,11,34,18,55,18,55
970,0,14,10,5400,8600000,24020002,5,0,102,227,101,90,2007,9104,13,42,13,42,13,42,22,69,22,69
971,0,14,11,0,10200000,24020003,1,60,0,0,101,136,2008,0,16,51,16,51,16,51,27,84,27,84
972,0,14,12,0,12000000,24020003,3,75,0,0,101,204,2008,0,20,61,20,61,20,61,32,101,32,101
973,0,14,13,0,14000000,24020003,6,95,0,0,101,274,2008,0,23,73,23,73,23,73,38,119,38,119
974,0,14,14,0,16200000,24020003,10,120,0,0,101,356,2008,0,27,85,27,85,27,85,44,139,44,139
975,0,14,15,0,18400000,24020003,15,150,0,0,101,450,2008,0,31,98,31,98,31,98,51,160,51,160
976,0,14,16,0,20600000,24020004,5,70,0,0,102,556,2009,0,36,112,36,112,36,112,59,183,59,183
977,0,14,17,0,23000000,24020004,5,80,0,0,102,674,2009,0,41,127,41,127,41,127,66,207,66,207
978,0,14,18,0,25600000,24020004,5,90,0,0,102,804,2009,0,46,143,46,143,46,143,75,233,75,233
979,0,14,19,0,28400000,24020004,5,105,0,0,102,946,2009,0,51,159,51,159,51,159,83,261,83,261
980,0,14,20,0,30000000,24020004,5,135,0,0,102,1100,2009,0,57,177,57,177,57,177,93,290,93,290
981,0,17,1,10000,200000,24020001,5,0,101,0,102,2000,2006,0,0,1,0,1,0,1,0,2,0,2
982,0,17,2,9400,400000,24020001,5,0,101,10000,102,5000,2006,9,1,2,1,2,1,2,1,3,1,3
983,0,17,3,8900,1000000,24020001,5,0,101,20000,102,10000,2006,28,1,4,1,4,1,4,2,6,2,6
984,0,17,4,8400,1600000,24020001,5,0,101,70000,102,30000,2006,84,2,7,2,7,2,7,3,11,3,11
985,0,17,5,7900,3400000,24020001,5,0,101,210000,102,100000,2006,252,3,10,3,10,3,10,5,17,5,17
986,0,17,6,7400,4200000,24020002,5,0,101,630000,102,200000,2007,758,5,15,5,15,5,15,8,24,8,24
987,0,17,7,6900,5200000,24020002,5,0,101,1260000,102,400000,2007,1517,7,20,7,20,7,20,11,34,11,34
988,0,17,8,6400,6200000,24020002,5,0,101,2520000,101,600000,2007,3034,9,27,9,27,9,27,14,44,14,44
989,0,17,9,5900,7400000,24020002,5,0,102,151,101,60,2007,6069,11,34,11,34,11,34,18,55,18,55
990,0,17,10,5400,8600000,24020002,5,0,102,227,101,90,2007,9104,13,42,13,42,13,42,22,69,22,69
991,0,17,11,0,10200000,24020003,1,60,0,0,101,136,2008,0,16,51,16,51,16,51,27,84,27,84
992,0,17,12,0,12000000,24020003,3,75,0,0,101,204,2008,0,20,61,20,61,20,61,32,101,32,101
993,0,17,13,0,14000000,24020003,6,95,0,0,101,274,2008,0,23,73,23,73,23,73,38,119,38,119
994,0,17,14,0,16200000,24020003,10,120,0,0,101,356,2008,0,27,85,27,85,27,85,44,139,44,139
995,0,17,15,0,18400000,24020003,15,150,0,0,101,450,2008,0,31,98,31,98,31,98,51,160,51,160
996,0,17,16,0,20600000,24020004,5,70,0,0,102,556,2009,0,36,112,36,112,36,112,59,183,59,183
997,0,17,17,0,23000000,24020004,5,80,0,0,102,674,2009,0,41,127,41,127,41,127,66,207,66,207
998,0,17,18,0,25600000,24020004,5,90,0,0,102,804,2009,0,46,143,46,143,46,143,75,233,75,233
999,0,17,19,0,28400000,24020004,5,105,0,0,102,946,2009,0,51,159,51,159,51,159,83,261,83,261
1000,0,17,20,0,30000000,24020004,5,135,0,0,102,1100,2009,0,57,177,57,177,57,177,93,290,93,290
1001,0,18,1,10000,200000,24020001,5,0,101,0,102,2000,2006,0,1,2,1,2,1,2,0,0,0,0
1002,0,18,2,9400,400000,24020001,5,0,101,10000,102,5000,2006,9,1,3,1,3,1,3,0,0,0,0
1003,0,18,3,8900,1000000,24020001,5,0,101,20000,102,10000,2006,28,2,7,2,7,2,7,0,0,0,0
1004,0,18,4,8400,1600000,24020001,5,0,101,70000,102,30000,2006,84,4,12,4,12,4,12,0,0,0,0
1005,0,18,5,7900,3400000,24020001,5,0,101,210000,102,100000,2006,252,6,19,6,19,6,19,0,0,0,0
1006,0,18,6,7400,4200000,24020002,1,0,101,630000,102,200000,2007,758,9,28,9,28,9,28,0,0,0,0
1007,0,18,7,6900,5200000,24020002,3,0,101,1260000,102,400000,2007,1517,12,38,12,38,12,38,0,0,0,0
1008,0,18,8,6400,6200000,24020002,6,0,101,2520000,101,600000,2007,3034,16,51,16,51,16,51,0,0,0,0
1009,0,18,9,5900,7400000,24020002,10,0,102,151,101,60,2007,6069,20,63,20,63,20,63,0,0,0,0
1010,0,18,10,5400,8600000,24020002,15,0,102,227,101,90,2007,9104,25,79,25,79,25,79,0,0,0,0
1011,0,18,11,0,10200000,24020003,5,60,0,0,101,136,2008,0,31,96,31,96,31,96,0,0,0,0
1012,0,18,12,0,12000000,24020003,5,75,0,0,101,204,2008,0,37,115,37,115,37,115,0,0,0,0
1013,0,18,13,0,14000000,24020003,5,95,0,0,101,274,2008,0,44,136,44,136,44,136,0,0,0,0
1014,0,18,14,0,16200000,24020003,5,120,0,0,101,356,2008,0,51,159,51,159,51,159,0,0,0,0
1015,0,18,15,0,18400000,24020003,5,150,0,0,101,450,2008,0,59,183,59,183,59,183,0,0,0,0
1016,0,18,16,0,20600000,24020004,5,70,0,0,102,556,2009,0,67,210,67,210,67,210,0,0,0,0
1017,0,18,17,0,23000000,24020004,5,80,0,0,102,674,2009,0,76,238,76,238,76,238,0,0,0,0
1018,0,18,18,0,25600000,24020004,5,90,0,0,102,804,2009,0,86,267,86,267,86,267,0,0,0,0
1019,0,18,19,0,28400000,24020004,5,105,0,0,102,946,2009,0,96,299,96,299,96,299,0,0,0,0
1020,0,18,20,0,30000000,24020004,5,135,0,0,102,1100,2009,0,106,332,106,332,106,332,0,0,0,0
